fixture_id,date,season,venue,home_team_id,away_team_id,home_goals,away_goals
867946,2022-08-05T19:00:00+00:00,2022,Selhurst Park,8,1,0,2
867947,2022-08-06T11:30:00+00:00,2022,Craven Cottage,10,14,2,2
867951,2022-08-06T14:00:00+00:00,2022,St. James' Park,18,19,2,0
867948,2022-08-06T14:00:00+00:00,2022,Vitality Stadium,3,2,2,0
867952,2022-08-06T14:00:00+00:00,2022,Tottenham Hotspur Stadium,22,21,4,1
867949,2022-08-06T14:00:00+00:00,2022,Elland Road,12,24,2,1
867953,2022-08-06T16:30:00+00:00,2022,Goodison Park,9,7,0,1
867954,2022-08-07T13:00:00+00:00,2022,Old Trafford,17,5,1,2
867950,2022-08-07T13:00:00+00:00,2022,King Power Stadium,13,4,2,2
867955,2022-08-07T15:30:00+00:00,2022,London Stadium,23,16,0,2
867957,2022-08-13T11:30:00+00:00,2022,Villa Park,2,9,2,1
867965,2022-08-13T14:00:00+00:00,2022,Molineux Stadium,24,10,0,0
867964,2022-08-13T14:00:00+00:00,2022,St. Mary's Stadium,21,12,2,2
867956,2022-08-13T14:00:00+00:00,2022,Emirates Stadium,1,13,4,2
867962,2022-08-13T14:00:00+00:00,2022,Etihad Stadium,16,3,4,0
867959,2022-08-13T14:00:00+00:00,2022,The American Express Community Stadium,5,18,0,0
867958,2022-08-13T16:30:00+00:00,2022,Gtech Community Stadium,4,17,4,0
867963,2022-08-14T13:00:00+00:00,2022,The City Ground,19,23,1,0
867960,2022-08-14T15:30:00+00:00,2022,Stamford Bridge,7,22,2,2
867961,2022-08-15T19:00:00+00:00,2022,Anfield,14,8,1,1
867974,2022-08-20T11:30:00+00:00,2022,Tottenham Hotspur Stadium,22,24,1,0
867969,2022-08-20T14:00:00+00:00,2022,Craven Cottage,10,4,3,2
867968,2022-08-20T14:00:00+00:00,2022,Goodison Park,9,19,1,1
867971,2022-08-20T14:00:00+00:00,2022,King Power Stadium,13,21,1,2
867967,2022-08-20T14:00:00+00:00,2022,Selhurst Park,8,2,3,1
867966,2022-08-20T16:30:00+00:00,2022,Vitality Stadium,3,1,0,3
867975,2022-08-21T13:00:00+00:00,2022,London Stadium,23,5,0,2
867970,2022-08-21T13:00:00+00:00,2022,Elland Road,12,7,3,0
867973,2022-08-21T15:30:00+00:00,2022,St. James' Park,18,16,3,3
867972,2022-08-22T19:00:00+00:00,2022,Old Trafford,17,14,2,1
867984,2022-08-27T11:30:00+00:00,2022,St. Mary's Stadium,21,17,0,1
867981,2022-08-27T14:00:00+00:00,2022,Anfield,14,3,9,0
867980,2022-08-27T14:00:00+00:00,2022,Stamford Bridge,7,13,2,1
867982,2022-08-27T14:00:00+00:00,2022,Etihad Stadium,16,8,4,2
867979,2022-08-27T14:00:00+00:00,2022,The American Express Community Stadium,5,12,1,0
867978,2022-08-27T14:00:00+00:00,2022,Gtech Community Stadium,4,9,1,1
867976,2022-08-27T16:30:00+00:00,2022,Emirates Stadium,1,10,2,1
867985,2022-08-28T13:00:00+00:00,2022,Molineux Stadium,24,18,1,1
867977,2022-08-28T13:00:00+00:00,2022,Villa Park,2,23,0,1
867983,2022-08-28T15:30:00+00:00,2022,The City Ground,19,22,0,2
867988,2022-08-30T18:30:00+00:00,2022,Craven Cottage,10,5,2,1
867992,2022-08-30T18:30:00+00:00,2022,Selhurst Park,8,4,1,1
867993,2022-08-30T18:45:00+00:00,2022,St. Mary's Stadium,21,7,2,1
867989,2022-08-30T19:00:00+00:00,2022,Elland Road,12,9,1,1
867986,2022-08-31T18:30:00+00:00,2022,Vitality Stadium,3,24,0,0
867987,2022-08-31T18:30:00+00:00,2022,Emirates Stadium,1,2,2,1
867995,2022-08-31T18:30:00+00:00,2022,Etihad Stadium,16,19,6,0
867991,2022-08-31T18:45:00+00:00,2022,London Stadium,23,22,1,1
867994,2022-08-31T19:00:00+00:00,2022,Anfield,14,18,2,1
867990,2022-09-01T19:00:00+00:00,2022,King Power Stadium,13,17,0,1
868000,2022-09-03T11:30:00+00:00,2022,Goodison Park,9,14,0,0
868002,2022-09-03T14:00:00+00:00,2022,St. James' Park,18,8,0,0
868005,2022-09-03T14:00:00+00:00,2022,Molineux Stadium,24,21,1,0
868004,2022-09-03T14:00:00+00:00,2022,Tottenham Hotspur Stadium,22,10,2,1
867999,2022-09-03T14:00:00+00:00,2022,Stamford Bridge,7,23,2,1
867997,2022-09-03T14:00:00+00:00,2022,Gtech Community Stadium,4,12,5,2
868003,2022-09-03T14:00:00+00:00,2022,The City Ground,19,3,2,3
867996,2022-09-03T16:30:00+00:00,2022,Villa Park,2,16,1,1
867998,2022-09-04T13:00:00+00:00,2022,The American Express Community Stadium,5,13,5,2
868001,2022-09-04T15:30:00+00:00,2022,Old Trafford,17,1,3,1
868023,2022-09-16T19:00:00+00:00,2022,The City Ground,19,10,2,3
868016,2022-09-16T19:00:00+00:00,2022,Villa Park,2,21,1,0
868025,2022-09-17T11:30:00+00:00,2022,Molineux Stadium,24,16,0,3
868022,2022-09-17T14:00:00+00:00,2022,St. James' Park,18,3,1,1
868024,2022-09-17T16:30:00+00:00,2022,Tottenham Hotspur Stadium,22,13,6,2
868017,2022-09-18T11:00:00+00:00,2022,Gtech Community Stadium,4,1,0,3
868020,2022-09-18T13:15:00+00:00,2022,Goodison Park,9,23,1,0
868027,2022-10-01T11:30:00+00:00,2022,Emirates Stadium,1,22,3,1
868026,2022-10-01T14:00:00+00:00,2022,Vitality Stadium,3,4,0,0
868029,2022-10-01T14:00:00+00:00,2022,Craven Cottage,10,18,1,4
868032,2022-10-01T14:00:00+00:00,2022,Anfield,14,5,3,3
868034,2022-10-01T14:00:00+00:00,2022,St. Mary's Stadium,21,9,1,2
868028,2022-10-01T14:00:00+00:00,2022,Selhurst Park,8,7,1,2
868035,2022-10-01T16:30:00+00:00,2022,London Stadium,23,24,2,0
868033,2022-10-02T13:00:00+00:00,2022,Etihad Stadium,16,17,6,3
868030,2022-10-02T15:30:00+00:00,2022,Elland Road,12,2,0,0
868031,2022-10-03T19:00:00+00:00,2022,King Power Stadium,13,19,4,0
868043,2022-10-08T14:00:00+00:00,2022,St. James' Park,18,4,5,1
868036,2022-10-08T14:00:00+00:00,2022,Vitality Stadium,3,13,2,1
868039,2022-10-08T14:00:00+00:00,2022,Stamford Bridge,7,24,3,0
868042,2022-10-08T14:00:00+00:00,2022,Etihad Stadium,16,21,4,0
868038,2022-10-08T16:30:00+00:00,2022,The American Express Community Stadium,5,22,0,1
868045,2022-10-09T13:00:00+00:00,2022,London Stadium,23,10,3,1
868040,2022-10-09T13:00:00+00:00,2022,Selhurst Park,8,12,2,1
868037,2022-10-09T15:30:00+00:00,2022,Emirates Stadium,1,14,3,2
868041,2022-10-09T18:00:00+00:00,2022,Goodison Park,9,17,1,2
868044,2022-10-10T19:00:00+00:00,2022,The City Ground,19,2,1,1
868047,2022-10-14T19:00:00+00:00,2022,Gtech Community Stadium,4,5,2,0
868050,2022-10-15T11:30:00+00:00,2022,King Power Stadium,13,8,0,0
868048,2022-10-15T14:00:00+00:00,2022,Craven Cottage,10,3,2,2
868055,2022-10-15T14:00:00+00:00,2022,Molineux Stadium,24,19,1,0
868054,2022-10-15T16:30:00+00:00,2022,Tottenham Hotspur Stadium,22,9,2,0
868052,2022-10-16T13:00:00+00:00,2022,Old Trafford,17,18,0,0
868053,2022-10-16T13:00:00+00:00,2022,St. Mary's Stadium,21,23,1,1
868049,2022-10-16T13:00:00+00:00,2022,Elland Road,12,1,0,1
868046,2022-10-16T13:00:00+00:00,2022,Villa Park,2,7,0,2
868051,2022-10-16T15:30:00+00:00,2022,Anfield,14,16,1,0
868059,2022-10-18T18:30:00+00:00,2022,The American Express Community Stadium,5,19,0,0
868062,2022-10-18T19:15:00+00:00,2022,Selhurst Park,8,24,2,1
868063,2022-10-19T18:30:00+00:00,2022,St. James' Park,18,9,1,0
868056,2022-10-19T18:30:00+00:00,2022,Vitality Stadium,3,21,0,1
868064,2022-10-19T18:30:00+00:00,2022,Anfield,14,23,1,0
868058,2022-10-19T18:30:00+00:00,2022,Gtech Community Stadium,4,7,0,0
868065,2022-10-19T19:15:00+00:00,2022,Old Trafford,17,22,2,0
868060,2022-10-20T18:30:00+00:00,2022,Craven Cottage,10,2,3,0
868061,2022-10-20T19:15:00+00:00,2022,King Power Stadium,13,12,2,0
868071,2022-10-22T11:30:00+00:00,2022,The City Ground,19,14,1,0
868068,2022-10-22T14:00:00+00:00,2022,Goodison Park,9,8,3,0
868070,2022-10-22T14:00:00+00:00,2022,Etihad Stadium,16,5,3,1
868067,2022-10-22T16:30:00+00:00,2022,Stamford Bridge,7,17,1,1
868075,2022-10-23T13:00:00+00:00,2022,Molineux Stadium,24,13,0,4
868072,2022-10-23T13:00:00+00:00,2022,St. Mary's Stadium,21,1,1,1
868069,2022-10-23T13:00:00+00:00,2022,Elland Road,12,10,2,3
868066,2022-10-23T13:00:00+00:00,2022,Villa Park,2,4,4,0
868073,2022-10-23T15:30:00+00:00,2022,Tottenham Hotspur Stadium,22,18,1,2
868074,2022-10-24T19:00:00+00:00,2022,London Stadium,23,3,2,0
868082,2022-10-29T11:30:00+00:00,2022,King Power Stadium,13,16,0,1
868085,2022-10-29T14:00:00+00:00,2022,St. James' Park,18,2,4,0
868076,2022-10-29T14:00:00+00:00,2022,Vitality Stadium,3,22,2,3
868079,2022-10-29T14:00:00+00:00,2022,The American Express Community Stadium,5,7,4,1
868080,2022-10-29T14:00:00+00:00,2022,Selhurst Park,8,21,1,0
868078,2022-10-29T14:00:00+00:00,2022,Gtech Community Stadium,4,24,1,1
868081,2022-10-29T16:30:00+00:00,2022,Craven Cottage,10,9,0,0
868083,2022-10-29T18:45:00+00:00,2022,Anfield,14,12,1,2
868077,2022-10-30T14:00:00+00:00,2022,Emirates Stadium,1,19,5,0
868084,2022-10-30T16:15:00+00:00,2022,Old Trafford,17,23,1,0
868095,2022-11-05T15:00:00+00:00,2022,Molineux Stadium,24,5,2,3
868090,2022-11-05T15:00:00+00:00,2022,Etihad Stadium,16,10,2,1
868089,2022-11-05T15:00:00+00:00,2022,Elland Road,12,3,4,3
868091,2022-11-05T15:00:00+00:00,2022,The City Ground,19,4,2,2
868088,2022-11-05T17:30:00+00:00,2022,Goodison Park,9,13,0,2
868087,2022-11-06T12:00:00+00:00,2022,Stamford Bridge,7,1,0,1
868092,2022-11-06T14:00:00+00:00,2022,St. Mary's Stadium,21,18,1,4
868094,2022-11-06T14:00:00+00:00,2022,London Stadium,23,8,1,2
868086,2022-11-06T14:00:00+00:00,2022,Villa Park,2,17,3,1
868093,2022-11-06T16:30:00+00:00,2022,Tottenham Hotspur Stadium,22,14,1,2
868100,2022-11-12T12:30:00+00:00,2022,Etihad Stadium,16,4,1,2
868096,2022-11-12T15:00:00+00:00,2022,Vitality Stadium,3,9,3,0
868099,2022-11-12T15:00:00+00:00,2022,Anfield,14,21,3,1
868103,2022-11-12T15:00:00+00:00,2022,Tottenham Hotspur Stadium,22,12,4,3
868104,2022-11-12T15:00:00+00:00,2022,London Stadium,23,13,0,2
868102,2022-11-12T15:00:00+00:00,2022,The City Ground,19,8,1,0
868101,2022-11-12T17:30:00+00:00,2022,St. James' Park,18,7,1,0
868105,2022-11-12T19:45:00+00:00,2022,Molineux Stadium,24,1,0,2
868097,2022-11-13T14:00:00+00:00,2022,The American Express Community Stadium,5,2,1,2
868098,2022-11-13T16:30:00+00:00,2022,Craven Cottage,10,17,1,2
868108,2022-12-26T12:30:00+00:00,2022,Gtech Community Stadium,4,22,2,2
868115,2022-12-26T15:00:00+00:00,2022,St. Mary's Stadium,21,5,1,3
868111,2022-12-26T15:00:00+00:00,2022,Goodison Park,9,24,1,2
868113,2022-12-26T15:00:00+00:00,2022,King Power Stadium,13,18,0,3
868110,2022-12-26T15:00:00+00:00,2022,Selhurst Park,8,10,0,3
868107,2022-12-26T17:30:00+00:00,2022,Villa Park,2,14,1,3
868106,2022-12-26T20:00:00+00:00,2022,Emirates Stadium,1,23,3,1
868109,2022-12-27T17:30:00+00:00,2022,Stamford Bridge,7,3,2,0
868114,2022-12-27T20:00:00+00:00,2022,Old Trafford,17,19,3,0
868112,2022-12-28T20:00:00+00:00,2022,Elland Road,12,16,1,3
868124,2022-12-30T19:45:00+00:00,2022,London Stadium,23,4,0,2
868119,2022-12-30T20:00:00+00:00,2022,Anfield,14,13,2,1
868125,2022-12-31T12:30:00+00:00,2022,Molineux Stadium,24,17,0,1
868121,2022-12-31T15:00:00+00:00,2022,St. James' Park,18,12,0,0
868116,2022-12-31T15:00:00+00:00,2022,Vitality Stadium,3,8,0,2
868118,2022-12-31T15:00:00+00:00,2022,Craven Cottage,10,21,2,1
868120,2022-12-31T15:00:00+00:00,2022,Etihad Stadium,16,9,1,1
868117,2022-12-31T17:30:00+00:00,2022,The American Express Community Stadium,5,1,2,4
868123,2023-01-01T14:00:00+00:00,2022,Tottenham Hotspur Stadium,22,2,0,2
868122,2023-01-01T16:30:00+00:00,2022,The City Ground,19,7,1,1
868128,2023-01-02T17:30:00+00:00,2022,Gtech Community Stadium,4,14,3,1
868126,2023-01-03T19:45:00+00:00,2022,Emirates Stadium,1,18,0,0
868131,2023-01-03T19:45:00+00:00,2022,Goodison Park,9,5,1,4
868133,2023-01-03T19:45:00+00:00,2022,King Power Stadium,13,10,0,1
868134,2023-01-03T20:00:00+00:00,2022,Old Trafford,17,3,3,0
868135,2023-01-04T19:30:00+00:00,2022,St. Mary's Stadium,21,19,0,1
868132,2023-01-04T19:45:00+00:00,2022,Elland Road,12,23,2,2
868130,2023-01-04T20:00:00+00:00,2022,Selhurst Park,8,22,0,4
868127,2023-01-04T20:00:00+00:00,2022,Villa Park,2,24,1,1
868129,2023-01-05T20:00:00+00:00,2022,Stamford Bridge,7,16,0,1
868009,2023-01-12T20:00:00+00:00,2022,Craven Cottage,10,7,2,1
868136,2023-01-13T20:00:00+00:00,2022,Villa Park,2,12,2,1
868141,2023-01-14T12:30:00+00:00,2022,Old Trafford,17,16,2,1
868145,2023-01-14T15:00:00+00:00,2022,Molineux Stadium,24,23,1,0
868140,2023-01-14T15:00:00+00:00,2022,Goodison Park,9,21,1,2
868138,2023-01-14T15:00:00+00:00,2022,The American Express Community Stadium,5,14,3,0
868143,2023-01-14T15:00:00+00:00,2022,The City Ground,19,13,2,0
868137,2023-01-14T17:30:00+00:00,2022,Gtech Community Stadium,4,3,2,0
868142,2023-01-15T14:00:00+00:00,2022,St. James' Park,18,10,1,0
868139,2023-01-15T14:00:00+00:00,2022,Stamford Bridge,7,8,1,0
868144,2023-01-15T16:30:00+00:00,2022,Tottenham Hotspur Stadium,22,1,0,2
868008,2023-01-18T20:00:00+00:00,2022,Selhurst Park,8,17,1,1
868013,2023-01-19T20:00:00+00:00,2022,Etihad Stadium,16,22,4,2
868152,2023-01-21T12:30:00+00:00,2022,Anfield,14,7,0,0
868146,2023-01-21T15:00:00+00:00,2022,Vitality Stadium,3,19,1,1
868154,2023-01-21T15:00:00+00:00,2022,St. Mary's Stadium,21,2,0,1
868151,2023-01-21T15:00:00+00:00,2022,King Power Stadium,13,5,2,2
868155,2023-01-21T15:00:00+00:00,2022,London Stadium,23,9,2,0
868148,2023-01-21T17:30:00+00:00,2022,Selhurst Park,8,18,0,0
868153,2023-01-22T14:00:00+00:00,2022,Etihad Stadium,16,24,3,0
868150,2023-01-22T14:00:00+00:00,2022,Elland Road,12,4,0,0
868147,2023-01-22T16:30:00+00:00,2022,Emirates Stadium,1,17,3,2
868149,2023-01-23T20:00:00+00:00,2022,Craven Cottage,10,22,0,1
868159,2023-02-03T20:00:00+00:00,2022,Stamford Bridge,7,10,0,0
868160,2023-02-04T12:30:00+00:00,2022,Goodison Park,9,1,1,0
868161,2023-02-04T15:00:00+00:00,2022,Old Trafford,17,8,2,1
868165,2023-02-04T15:00:00+00:00,2022,Molineux Stadium,24,14,3,0
868158,2023-02-04T15:00:00+00:00,2022,The American Express Community Stadium,5,3,1,0
868157,2023-02-04T15:00:00+00:00,2022,Gtech Community Stadium,4,21,3,0
868156,2023-02-04T15:00:00+00:00,2022,Villa Park,2,13,2,4
868162,2023-02-04T17:30:00+00:00,2022,St. James' Park,18,23,1,1
868163,2023-02-05T14:00:00+00:00,2022,The City Ground,19,12,1,0
868164,2023-02-05T16:30:00+00:00,2022,Tottenham Hotspur Stadium,22,16,1,0
868021,2023-02-08T20:00:00+00:00,2022,Old Trafford,17,12,2,2
868175,2023-02-11T12:30:00+00:00,2022,London Stadium,23,7,1,1
868169,2023-02-11T15:00:00+00:00,2022,Craven Cottage,10,19,2,0
868174,2023-02-11T15:00:00+00:00,2022,St. Mary's Stadium,21,24,1,2
868167,2023-02-11T15:00:00+00:00,2022,Emirates Stadium,1,4,1,1
868171,2023-02-11T15:00:00+00:00,2022,King Power Stadium,13,22,4,1
868168,2023-02-11T15:00:00+00:00,2022,Selhurst Park,8,5,1,1
868166,2023-02-11T17:30:00+00:00,2022,Vitality Stadium,3,18,1,1
868170,2023-02-12T14:00:00+00:00,2022,Elland Road,12,17,0,2
868173,2023-02-12T16:30:00+00:00,2022,Etihad Stadium,16,2,3,1
868172,2023-02-13T20:00:00+00:00,2022,Anfield,14,9,2,0
868057,2023-02-15T19:30:00+00:00,2022,Emirates Stadium,1,16,1,3
868176,2023-02-18T12:30:00+00:00,2022,Villa Park,2,1,2,4
868185,2023-02-18T15:00:00+00:00,2022,Molineux Stadium,24,3,0,1
868180,2023-02-18T15:00:00+00:00,2022,Goodison Park,9,12,1,0
868179,2023-02-18T15:00:00+00:00,2022,Stamford Bridge,7,21,0,1
868178,2023-02-18T15:00:00+00:00,2022,The American Express Community Stadium,5,10,0,1
868177,2023-02-18T15:00:00+00:00,2022,Gtech Community Stadium,4,8,1,1
868183,2023-02-18T15:00:00+00:00,2022,The City Ground,19,16,1,1
868182,2023-02-18T17:30:00+00:00,2022,St. James' Park,18,14,0,2
868181,2023-02-19T14:00:00+00:00,2022,Old Trafford,17,13,3,0
868184,2023-02-19T16:30:00+00:00,2022,Tottenham Hotspur Stadium,22,23,2,0
868189,2023-02-24T20:00:00+00:00,2022,Craven Cottage,10,24,1,1
868188,2023-02-25T15:00:00+00:00,2022,Goodison Park,9,2,0,2
868191,2023-02-25T15:00:00+00:00,2022,King Power Stadium,13,1,0,1
868195,2023-02-25T15:00:00+00:00,2022,London Stadium,23,19,4,0
868190,2023-02-25T15:00:00+00:00,2022,Elland Road,12,21,1,0
868186,2023-02-25T17:30:00+00:00,2022,Vitality Stadium,3,16,1,4
868187,2023-02-25T19:45:00+00:00,2022,Selhurst Park,8,14,0,0
868194,2023-02-26T13:30:00+00:00,2022,Tottenham Hotspur Stadium,22,7,2,0
868007,2023-03-01T19:45:00+00:00,2022,Emirates Stadium,1,9,4,0
868012,2023-03-01T20:00:00+00:00,2022,Anfield,14,24,2,0
868202,2023-03-04T12:30:00+00:00,2022,Etihad Stadium,16,18,2,0
868205,2023-03-04T15:00:00+00:00,2022,Molineux Stadium,24,22,1,0
868196,2023-03-04T15:00:00+00:00,2022,Emirates Stadium,1,3,3,2
868200,2023-03-04T15:00:00+00:00,2022,Stamford Bridge,7,12,1,0
868199,2023-03-04T15:00:00+00:00,2022,The American Express Community Stadium,5,23,4,0
868197,2023-03-04T15:00:00+00:00,2022,Villa Park,2,8,1,0
868204,2023-03-04T17:30:00+00:00,2022,St. Mary's Stadium,21,13,1,0
868203,2023-03-05T14:00:00+00:00,2022,The City Ground,19,9,2,2
868201,2023-03-05T16:30:00+00:00,2022,Anfield,14,17,7,0
868198,2023-03-06T20:00:00+00:00,2022,Gtech Community Stadium,4,10,3,2
868206,2023-03-11T12:30:00+00:00,2022,Vitality Stadium,3,14,1,0
868208,2023-03-11T15:00:00+00:00,2022,Goodison Park,9,4,1,0
868211,2023-03-11T15:00:00+00:00,2022,King Power Stadium,13,7,1,3
868214,2023-03-11T15:00:00+00:00,2022,Tottenham Hotspur Stadium,22,19,3,1
868210,2023-03-11T15:00:00+00:00,2022,Elland Road,12,5,2,2
868207,2023-03-11T17:30:00+00:00,2022,Selhurst Park,8,16,0,1
868212,2023-03-12T14:00:00+00:00,2022,Old Trafford,17,21,0,0
868209,2023-03-12T14:00:00+00:00,2022,Craven Cottage,10,1,0,3
868215,2023-03-12T14:00:00+00:00,2022,London Stadium,23,2,1,1
868213,2023-03-12T16:30:00+00:00,2022,St. James' Park,18,24,2,1
868014,2023-03-15T19:30:00+00:00,2022,St. Mary's Stadium,21,4,0,2
868018,2023-03-15T19:30:00+00:00,2022,The American Express Community Stadium,5,8,1,0
868223,2023-03-17T20:00:00+00:00,2022,The City Ground,19,18,1,2
868225,2023-03-18T15:00:00+00:00,2022,Molineux Stadium,24,12,2,4
868224,2023-03-18T15:00:00+00:00,2022,St. Mary's Stadium,21,22,3,3
868218,2023-03-18T15:00:00+00:00,2022,Gtech Community Stadium,4,13,1,1
868217,2023-03-18T15:00:00+00:00,2022,Villa Park,2,3,3,0
868220,2023-03-18T17:30:00+00:00,2022,Stamford Bridge,7,9,2,2
868216,2023-03-19T14:00:00+00:00,2022,Emirates Stadium,1,8,4,1
868232,2023-04-01T11:30:00+00:00,2022,Etihad Stadium,16,14,4,1
868226,2023-04-01T14:00:00+00:00,2022,Vitality Stadium,3,10,2,1
868227,2023-04-01T14:00:00+00:00,2022,Emirates Stadium,1,12,4,1
868228,2023-04-01T14:00:00+00:00,2022,The American Express Community Stadium,5,4,3,3
868230,2023-04-01T14:00:00+00:00,2022,Selhurst Park,8,13,2,1
868234,2023-04-01T14:00:00+00:00,2022,The City Ground,19,24,1,1
868229,2023-04-01T16:30:00+00:00,2022,Stamford Bridge,7,2,0,2
868235,2023-04-02T13:00:00+00:00,2022,London Stadium,23,21,1,0
868233,2023-04-02T15:30:00+00:00,2022,St. James' Park,18,17,2,0
868231,2023-04-03T19:00:00+00:00,2022,Goodison Park,9,22,1,1
868006,2023-04-04T18:45:00+00:00,2022,Vitality Stadium,3,5,0,2
868011,2023-04-04T18:45:00+00:00,2022,King Power Stadium,13,2,1,2
868010,2023-04-04T18:45:00+00:00,2022,Elland Road,12,19,2,1
868019,2023-04-04T19:00:00+00:00,2022,Stamford Bridge,7,14,0,0
868192,2023-04-05T19:00:00+00:00,2022,Old Trafford,17,4,1,0
868015,2023-04-05T19:00:00+00:00,2022,London Stadium,23,18,1,5
868242,2023-04-08T11:30:00+00:00,2022,Old Trafford,17,9,2,0
868238,2023-04-08T14:00:00+00:00,2022,Craven Cottage,10,23,0,1
868245,2023-04-08T14:00:00+00:00,2022,Molineux Stadium,24,7,1,0
868240,2023-04-08T14:00:00+00:00,2022,King Power Stadium,13,3,0,1
868244,2023-04-08T14:00:00+00:00,2022,Tottenham Hotspur Stadium,22,5,2,1
868237,2023-04-08T14:00:00+00:00,2022,Gtech Community Stadium,4,18,1,2
868236,2023-04-08T14:00:00+00:00,2022,Villa Park,2,19,2,0
868243,2023-04-08T16:30:00+00:00,2022,St. Mary's Stadium,21,16,1,4
868239,2023-04-09T13:00:00+00:00,2022,Elland Road,12,8,1,5
868241,2023-04-09T15:30:00+00:00,2022,Anfield,14,1,2,2
868246,2023-04-15T11:30:00+00:00,2022,Villa Park,2,18,3,0
868255,2023-04-15T14:00:00+00:00,2022,Molineux Stadium,24,4,2,0
868252,2023-04-15T14:00:00+00:00,2022,St. Mary's Stadium,21,8,0,2
868248,2023-04-15T14:00:00+00:00,2022,Goodison Park,9,10,1,3
868247,2023-04-15T14:00:00+00:00,2022,Stamford Bridge,7,5,1,2
868253,2023-04-15T14:15:00+00:00,2022,Tottenham Hotspur Stadium,22,3,2,3
868250,2023-04-15T16:30:00+00:00,2022,Etihad Stadium,16,13,3,1
868254,2023-04-16T13:00:00+00:00,2022,London Stadium,23,1,2,2
868251,2023-04-16T15:30:00+00:00,2022,The City Ground,19,17,0,2
868249,2023-04-17T19:00:00+00:00,2022,Elland Road,12,14,1,6
868257,2023-04-21T19:00:00+00:00,2022,Emirates Stadium,1,21,3,3
868261,2023-04-22T11:30:00+00:00,2022,Craven Cottage,10,12,2,1
868263,2023-04-22T14:00:00+00:00,2022,Anfield,14,19,3,2
868262,2023-04-22T14:00:00+00:00,2022,King Power Stadium,13,24,2,1
868260,2023-04-22T14:00:00+00:00,2022,Selhurst Park,8,9,0,0
868258,2023-04-22T14:00:00+00:00,2022,Gtech Community Stadium,4,2,1,1
868265,2023-04-23T13:00:00+00:00,2022,St. James' Park,18,22,6,1
868256,2023-04-23T13:00:00+00:00,2022,Vitality Stadium,3,23,0,4
868271,2023-04-25T18:30:00+00:00,2022,Molineux Stadium,24,8,2,0
868272,2023-04-25T18:45:00+00:00,2022,Villa Park,2,10,1,0
868267,2023-04-25T19:00:00+00:00,2022,Elland Road,12,13,1,1
868268,2023-04-26T18:30:00+00:00,2022,The City Ground,19,5,3,1
868270,2023-04-26T18:45:00+00:00,2022,London Stadium,23,14,1,2
868273,2023-04-26T18:45:00+00:00,2022,Stamford Bridge,7,4,0,2
868275,2023-04-26T19:00:00+00:00,2022,Etihad Stadium,16,1,4,1
868274,2023-04-27T18:45:00+00:00,2022,St. Mary's Stadium,21,3,0,1
868266,2023-04-27T18:45:00+00:00,2022,Goodison Park,9,18,1,4
868269,2023-04-27T19:15:00+00:00,2022,Tottenham Hotspur Stadium,22,17,2,2
868280,2023-04-29T11:30:00+00:00,2022,Selhurst Park,8,23,4,3
868279,2023-04-29T14:00:00+00:00,2022,The American Express Community Stadium,5,24,6,0
868278,2023-04-29T14:00:00+00:00,2022,Gtech Community Stadium,4,19,2,1
868284,2023-04-30T13:00:00+00:00,2022,Old Trafford,17,2,1,0
868285,2023-04-30T13:00:00+00:00,2022,St. James' Park,18,21,3,1
868276,2023-04-30T13:00:00+00:00,2022,Vitality Stadium,3,12,4,1
868281,2023-04-30T13:00:00+00:00,2022,Craven Cottage,10,16,1,2
868283,2023-04-30T15:30:00+00:00,2022,Anfield,14,22,4,3
868282,2023-05-01T19:00:00+00:00,2022,King Power Stadium,13,9,2,2
868277,2023-05-02T19:00:00+00:00,2022,Emirates Stadium,1,7,3,1
868221,2023-05-03T19:00:00+00:00,2022,Anfield,14,10,1,0
868222,2023-05-03T19:00:00+00:00,2022,Etihad Stadium,16,23,3,0
868219,2023-05-04T19:00:00+00:00,2022,The American Express Community Stadium,5,17,1,0
868286,2023-05-06T14:00:00+00:00,2022,Vitality Stadium,3,7,1,3
868295,2023-05-06T14:00:00+00:00,2022,Molineux Stadium,24,2,1,0
868293,2023-05-06T14:00:00+00:00,2022,Tottenham Hotspur Stadium,22,8,1,0
868290,2023-05-06T14:00:00+00:00,2022,Etihad Stadium,16,12,2,1
868289,2023-05-06T16:30:00+00:00,2022,Anfield,14,4,1,0
868291,2023-05-07T15:30:00+00:00,2022,St. James' Park,18,1,0,2
868294,2023-05-07T18:00:00+00:00,2022,London Stadium,23,17,1,0
868288,2023-05-08T14:00:00+00:00,2022,Craven Cottage,10,13,5,3
868287,2023-05-08T16:30:00+00:00,2022,The American Express Community Stadium,5,9,1,5
868292,2023-05-08T19:00:00+00:00,2022,The City Ground,19,21,4,3
868302,2023-05-13T11:30:00+00:00,2022,Elland Road,12,18,2,2
868304,2023-05-13T14:00:00+00:00,2022,Old Trafford,17,24,2,0
868305,2023-05-13T14:00:00+00:00,2022,St. Mary's Stadium,21,10,0,2
868299,2023-05-13T14:00:00+00:00,2022,Stamford Bridge,7,19,2,2
868300,2023-05-13T14:00:00+00:00,2022,Selhurst Park,8,3,2,0
868297,2023-05-13T14:00:00+00:00,2022,Villa Park,2,22,2,1
868301,2023-05-14T13:00:00+00:00,2022,Goodison Park,9,16,0,3
868298,2023-05-14T13:00:00+00:00,2022,Gtech Community Stadium,4,23,2,0
868296,2023-05-14T15:30:00+00:00,2022,Emirates Stadium,1,5,0,3
868303,2023-05-15T19:00:00+00:00,2022,King Power Stadium,13,14,0,3
868193,2023-05-18T18:30:00+00:00,2022,St. James' Park,18,5,4,1
868313,2023-05-20T11:30:00+00:00,2022,Tottenham Hotspur Stadium,22,4,1,3
868306,2023-05-20T14:00:00+00:00,2022,Vitality Stadium,3,17,0,1
868308,2023-05-20T14:00:00+00:00,2022,Craven Cottage,10,8,2,2
868315,2023-05-20T14:00:00+00:00,2022,Molineux Stadium,24,9,1,1
868309,2023-05-20T14:00:00+00:00,2022,Anfield,14,2,1,1
868312,2023-05-20T16:30:00+00:00,2022,The City Ground,19,1,1,0
868314,2023-05-21T12:30:00+00:00,2022,London Stadium,23,12,3,1
868307,2023-05-21T13:00:00+00:00,2022,The American Express Community Stadium,5,21,3,1
868310,2023-05-21T15:00:00+00:00,2022,Etihad Stadium,16,7,1,0
868311,2023-05-22T19:00:00+00:00,2022,St. James' Park,18,13,0,0
868259,2023-05-24T19:00:00+00:00,2022,The American Express Community Stadium,5,16,1,1
868264,2023-05-25T19:00:00+00:00,2022,Old Trafford,17,7,4,1
868324,2023-05-28T15:30:00+00:00,2022,Old Trafford,17,10,2,1
868325,2023-05-28T15:30:00+00:00,2022,St. Mary's Stadium,21,14,4,4
868316,2023-05-28T15:30:00+00:00,2022,Emirates Stadium,1,24,5,0
868321,2023-05-28T15:30:00+00:00,2022,Goodison Park,9,3,1,0
868323,2023-05-28T15:30:00+00:00,2022,King Power Stadium,13,23,2,1
868319,2023-05-28T15:30:00+00:00,2022,Stamford Bridge,7,18,1,1
868320,2023-05-28T15:30:00+00:00,2022,Selhurst Park,8,19,1,1
868318,2023-05-28T15:30:00+00:00,2022,Gtech Community Stadium,4,16,1,0
868322,2023-05-28T15:30:00+00:00,2022,Elland Road,12,22,1,4
868317,2023-05-28T15:30:00+00:00,2022,Villa Park,2,5,2,1
1035037,2023-08-11T19:00:00+00:00,2023,Turf Moor,6,16,0,3
1035038,2023-08-12T11:30:00+00:00,2023,Emirates Stadium,1,19,2,1
1035039,2023-08-12T14:00:00+00:00,2023,Vitality Stadium,3,23,1,1
1035041,2023-08-12T14:00:00+00:00,2023,Goodison Park,9,10,0,1
1035040,2023-08-12T14:00:00+00:00,2023,The American Express Community Stadium,5,15,4,1
1035042,2023-08-12T14:00:00+00:00,2023,Bramall Lane,20,8,0,1
1035043,2023-08-12T16:30:00+00:00,2023,St. James' Park,18,2,5,1
1035044,2023-08-13T13:00:00+00:00,2023,Gtech Community Stadium,4,22,2,2
1035045,2023-08-13T15:30:00+00:00,2023,Stamford Bridge,7,14,1,1
1035046,2023-08-14T19:00:00+00:00,2023,Old Trafford,17,24,1,0
1035053,2023-08-18T18:45:00+00:00,2023,The City Ground,19,20,2,1
1035049,2023-08-19T14:00:00+00:00,2023,Craven Cottage,10,4,0,3
1035056,2023-08-19T14:00:00+00:00,2023,Molineux Stadium,24,5,1,4
1035050,2023-08-19T14:00:00+00:00,2023,Anfield,14,3,3,1
1035054,2023-08-19T16:30:00+00:00,2023,Tottenham Hotspur Stadium,22,17,2,0
1035052,2023-08-19T19:00:00+00:00,2023,Etihad Stadium,16,18,1,0
1035047,2023-08-20T13:00:00+00:00,2023,Villa Park,2,9,4,0
1035055,2023-08-20T15:30:00+00:00,2023,London Stadium,23,7,3,1
1035048,2023-08-21T19:00:00+00:00,2023,Selhurst Park,8,1,0,1
1035062,2023-08-25T19:00:00+00:00,2023,Stamford Bridge,7,15,3,0
1035057,2023-08-26T11:30:00+00:00,2023,Vitality Stadium,3,22,0,2
1035064,2023-08-26T14:00:00+00:00,2023,Old Trafford,17,19,3,2
1035058,2023-08-26T14:00:00+00:00,2023,Emirates Stadium,1,10,2,2
1035063,2023-08-26T14:00:00+00:00,2023,Goodison Park,9,24,0,1
1035059,2023-08-26T14:00:00+00:00,2023,Gtech Community Stadium,4,8,1,1
1035060,2023-08-26T16:30:00+00:00,2023,The American Express Community Stadium,5,23,1,3
1035061,2023-08-27T13:00:00+00:00,2023,Turf Moor,6,2,1,3
1035066,2023-08-27T13:00:00+00:00,2023,Bramall Lane,20,16,1,2
1035065,2023-08-27T15:30:00+00:00,2023,St. James' Park,18,14,1,2
1035074,2023-09-01T19:00:00+00:00,2023,Kenilworth Road,15,23,1,2
1035076,2023-09-02T11:30:00+00:00,2023,Bramall Lane,20,9,2,2
1035070,2023-09-02T14:00:00+00:00,2023,Turf Moor,6,22,2,5
1035071,2023-09-02T14:00:00+00:00,2023,Stamford Bridge,7,19,0,1
1035075,2023-09-02T14:00:00+00:00,2023,Etihad Stadium,16,10,5,1
1035068,2023-09-02T14:00:00+00:00,2023,Gtech Community Stadium,4,3,2,2
1035069,2023-09-02T16:30:00+00:00,2023,The American Express Community Stadium,5,18,3,1
1035073,2023-09-03T13:00:00+00:00,2023,Anfield,14,2,3,0
1035072,2023-09-03T13:00:00+00:00,2023,Selhurst Park,8,24,3,2
1035067,2023-09-03T15:30:00+00:00,2023,Emirates Stadium,1,17,3,1
1035086,2023-09-16T11:30:00+00:00,2023,Molineux Stadium,24,14,1,3
1035081,2023-09-16T14:00:00+00:00,2023,Old Trafford,17,5,1,3
1035080,2023-09-16T14:00:00+00:00,2023,Craven Cottage,10,15,1,0
1035084,2023-09-16T14:00:00+00:00,2023,Tottenham Hotspur Stadium,22,20,2,1
1035085,2023-09-16T14:00:00+00:00,2023,London Stadium,23,16,1,3
1035078,2023-09-16T14:00:00+00:00,2023,Villa Park,2,8,3,1
1035082,2023-09-16T16:30:00+00:00,2023,St. James' Park,18,4,1,0
1035077,2023-09-17T13:00:00+00:00,2023,Vitality Stadium,3,7,0,0
1035079,2023-09-17T15:30:00+00:00,2023,Goodison Park,9,1,0,1
1035083,2023-09-18T18:45:00+00:00,2023,The City Ground,19,6,1,1
1035095,2023-09-23T14:00:00+00:00,2023,Etihad Stadium,16,19,2,0
1035092,2023-09-23T14:00:00+00:00,2023,Selhurst Park,8,10,0,0
1035094,2023-09-23T14:00:00+00:00,2023,Kenilworth Road,15,24,1,1
1035088,2023-09-23T16:30:00+00:00,2023,Gtech Community Stadium,4,9,1,3
1035090,2023-09-23T19:00:00+00:00,2023,Turf Moor,6,17,0,1
1035093,2023-09-24T13:00:00+00:00,2023,Anfield,14,23,3,1
1035087,2023-09-24T13:00:00+00:00,2023,Emirates Stadium,1,22,2,2
1035091,2023-09-24T13:00:00+00:00,2023,Stamford Bridge,7,2,0,1
1035089,2023-09-24T13:00:00+00:00,2023,The American Express Community Stadium,5,3,3,1
1035096,2023-09-24T15:30:00+00:00,2023,Bramall Lane,20,18,0,8
1035098,2023-09-30T11:30:00+00:00,2023,Villa Park,2,5,6,1
1035101,2023-09-30T14:00:00+00:00,2023,Old Trafford,17,8,0,1
1035102,2023-09-30T14:00:00+00:00,2023,St. James' Park,18,6,2,0
1035097,2023-09-30T14:00:00+00:00,2023,Vitality Stadium,3,1,0,4
1035106,2023-09-30T14:00:00+00:00,2023,Molineux Stadium,24,16,2,1
1035099,2023-09-30T14:00:00+00:00,2023,Goodison Park,9,15,1,2
1035105,2023-09-30T14:00:00+00:00,2023,London Stadium,23,20,2,0
1035104,2023-09-30T16:30:00+00:00,2023,Tottenham Hotspur Stadium,22,14,2,1
1035103,2023-10-01T13:00:00+00:00,2023,The City Ground,19,4,1,1
1035100,2023-10-02T19:00:00+00:00,2023,Craven Cottage,10,7,0,2
1035051,2023-10-03T18:30:00+00:00,2023,Kenilworth Road,15,6,1,2
1035113,2023-10-07T11:30:00+00:00,2023,Kenilworth Road,15,22,0,1
1035114,2023-10-07T14:00:00+00:00,2023,Old Trafford,17,4,2,1
1035112,2023-10-07T14:00:00+00:00,2023,Craven Cottage,10,20,3,1
1035109,2023-10-07T14:00:00+00:00,2023,Turf Moor,6,7,1,4
1035111,2023-10-07T14:00:00+00:00,2023,Goodison Park,9,3,3,0
1035110,2023-10-07T16:30:00+00:00,2023,Selhurst Park,8,19,0,0
1035116,2023-10-08T13:00:00+00:00,2023,Molineux Stadium,24,2,1,1
1035115,2023-10-08T13:00:00+00:00,2023,London Stadium,23,18,2,2
1035108,2023-10-08T13:00:00+00:00,2023,The American Express Community Stadium,5,14,2,2
1035107,2023-10-08T15:30:00+00:00,2023,Emirates Stadium,1,16,1,0
1035121,2023-10-21T11:30:00+00:00,2023,Anfield,14,9,2,0
1035123,2023-10-21T14:00:00+00:00,2023,St. James' Park,18,8,4,0
1035117,2023-10-21T14:00:00+00:00,2023,Vitality Stadium,3,24,1,2
1035122,2023-10-21T14:00:00+00:00,2023,Etihad Stadium,16,5,2,1
1035119,2023-10-21T14:00:00+00:00,2023,Gtech Community Stadium,4,6,3,0
1035124,2023-10-21T14:00:00+00:00,2023,The City Ground,19,15,2,2
1035120,2023-10-21T16:30:00+00:00,2023,Stamford Bridge,7,1,2,2
1035125,2023-10-21T19:00:00+00:00,2023,Bramall Lane,20,17,1,2
1035118,2023-10-22T15:30:00+00:00,2023,Villa Park,2,23,4,1
1035126,2023-10-23T19:00:00+00:00,2023,Tottenham Hotspur Stadium,22,10,2,0
1035132,2023-10-27T19:00:00+00:00,2023,Selhurst Park,8,22,1,2
1035131,2023-10-28T11:30:00+00:00,2023,Stamford Bridge,7,4,0,2
1035127,2023-10-28T14:00:00+00:00,2023,Vitality Stadium,3,6,2,1
1035128,2023-10-28T14:00:00+00:00,2023,Emirates Stadium,1,20,5,0
1035136,2023-10-28T16:30:00+00:00,2023,Molineux Stadium,24,18,2,2
1035135,2023-10-29T13:00:00+00:00,2023,London Stadium,23,9,0,1
1035133,2023-10-29T14:00:00+00:00,2023,Anfield,14,19,3,0
1035130,2023-10-29T14:00:00+00:00,2023,The American Express Community Stadium,5,10,1,1
1035129,2023-10-29T14:00:00+00:00,2023,Villa Park,2,15,3,1
1035134,2023-10-29T15:30:00+00:00,2023,Old Trafford,17,16,0,3
1035140,2023-11-04T12:30:00+00:00,2023,Craven Cottage,10,17,0,1
1035138,2023-11-04T15:00:00+00:00,2023,Turf Moor,6,8,0,2
1035139,2023-11-04T15:00:00+00:00,2023,Goodison Park,9,5,1,1
1035142,2023-11-04T15:00:00+00:00,2023,Etihad Stadium,16,3,6,1
1035137,2023-11-04T15:00:00+00:00,2023,Gtech Community Stadium,4,23,3,2
1035145,2023-11-04T15:00:00+00:00,2023,Bramall Lane,20,24,2,1
1035143,2023-11-04T17:30:00+00:00,2023,St. James' Park,18,1,1,0
1035144,2023-11-05T14:00:00+00:00,2023,The City Ground,19,2,2,0
1035141,2023-11-05T16:30:00+00:00,2023,Kenilworth Road,15,14,1,1
1035146,2023-11-06T20:00:00+00:00,2023,Tottenham Hotspur Stadium,22,7,1,4
1035156,2023-11-11T12:30:00+00:00,2023,Molineux Stadium,24,22,2,1
1035154,2023-11-11T15:00:00+00:00,2023,Old Trafford,17,15,1,0
1035148,2023-11-11T15:00:00+00:00,2023,Emirates Stadium,1,6,3,1
1035152,2023-11-11T15:00:00+00:00,2023,Selhurst Park,8,9,2,3
1035147,2023-11-11T17:30:00+00:00,2023,Vitality Stadium,3,18,2,0
1035153,2023-11-12T14:00:00+00:00,2023,Anfield,14,4,3,0
1035155,2023-11-12T14:00:00+00:00,2023,London Stadium,23,19,3,2
1035150,2023-11-12T14:00:00+00:00,2023,The American Express Community Stadium,5,20,1,1
1035149,2023-11-12T14:00:00+00:00,2023,Villa Park,2,10,3,1
1035151,2023-11-12T16:30:00+00:00,2023,Stamford Bridge,7,16,4,4
1035299,2023-11-25T12:30:00+00:00,2023,Etihad Stadium,16,14,1,1
1035300,2023-11-25T15:00:00+00:00,2023,St. James' Park,18,7,4,1
1035295,2023-11-25T15:00:00+00:00,2023,Turf Moor,6,23,1,2
1035302,2023-11-25T15:00:00+00:00,2023,Bramall Lane,20,3,1,3
1035301,2023-11-25T15:00:00+00:00,2023,The City Ground,19,5,2,3
1035298,2023-11-25T15:00:00+00:00,2023,Kenilworth Road,15,8,2,1
1035294,2023-11-25T17:30:00+00:00,2023,Gtech Community Stadium,4,1,0,1
1035303,2023-11-26T14:00:00+00:00,2023,Tottenham Hotspur Stadium,22,2,1,2
1035296,2023-11-26T16:30:00+00:00,2023,Goodison Park,9,17,0,3
1035297,2023-11-27T20:00:00+00:00,2023,Craven Cottage,10,24,3,2
1035305,2023-12-02T15:00:00+00:00,2023,Emirates Stadium,1,24,2,1
1035307,2023-12-02T15:00:00+00:00,2023,Turf Moor,6,20,5,0
1035306,2023-12-02T15:00:00+00:00,2023,Gtech Community Stadium,4,15,3,1
1035312,2023-12-02T17:30:00+00:00,2023,The City Ground,19,9,0,1
1035311,2023-12-02T20:00:00+00:00,2023,St. James' Park,18,17,1,0
1035304,2023-12-03T14:00:00+00:00,2023,Vitality Stadium,3,2,2,2
1035309,2023-12-03T14:00:00+00:00,2023,Anfield,14,10,4,3
1035313,2023-12-03T14:00:00+00:00,2023,London Stadium,23,8,1,1
1035308,2023-12-03T14:00:00+00:00,2023,Stamford Bridge,7,5,3,2
1035310,2023-12-03T16:30:00+00:00,2023,Etihad Stadium,16,22,3,3
1035321,2023-12-05T19:30:00+00:00,2023,Molineux Stadium,24,6,1,0
1035318,2023-12-05T20:15:00+00:00,2023,Kenilworth Road,15,1,3,4
1035317,2023-12-06T19:30:00+00:00,2023,Craven Cottage,10,19,5,0
1035315,2023-12-06T19:30:00+00:00,2023,The American Express Community Stadium,5,4,2,1
1035322,2023-12-06T19:30:00+00:00,2023,Selhurst Park,8,3,0,2
1035319,2023-12-06T19:30:00+00:00,2023,Bramall Lane,20,14,0,2
1035323,2023-12-06T20:15:00+00:00,2023,Old Trafford,17,7,2,1
1035314,2023-12-06T20:15:00+00:00,2023,Villa Park,2,16,1,0
1035316,2023-12-07T19:30:00+00:00,2023,Goodison Park,9,18,3,0
1035320,2023-12-07T20:15:00+00:00,2023,Tottenham Hotspur Stadium,22,23,1,2
1035326,2023-12-09T12:30:00+00:00,2023,Selhurst Park,8,14,1,2
1035330,2023-12-09T15:00:00+00:00,2023,Old Trafford,17,3,0,3
1035333,2023-12-09T15:00:00+00:00,2023,Molineux Stadium,24,19,1,1
1035325,2023-12-09T15:00:00+00:00,2023,The American Express Community Stadium,5,6,1,1
1035331,2023-12-09T15:00:00+00:00,2023,Bramall Lane,20,4,1,0
1035324,2023-12-09T17:30:00+00:00,2023,Villa Park,2,1,1,0
1035328,2023-12-10T14:00:00+00:00,2023,Craven Cottage,10,23,5,0
1035327,2023-12-10T14:00:00+00:00,2023,Goodison Park,9,7,2,0
1035329,2023-12-10T14:00:00+00:00,2023,Kenilworth Road,15,16,1,2
1035332,2023-12-10T16:30:00+00:00,2023,Tottenham Hotspur Stadium,22,18,4,1
1035342,2023-12-15T20:00:00+00:00,2023,The City Ground,19,22,0,2
1035341,2023-12-16T15:00:00+00:00,2023,St. James' Park,18,10,3,0
1035338,2023-12-16T15:00:00+00:00,2023,Stamford Bridge,7,20,2,0
1035340,2023-12-16T15:00:00+00:00,2023,Etihad Stadium,16,8,2,2
1035337,2023-12-16T17:30:00+00:00,2023,Turf Moor,6,9,0,2
1035335,2023-12-17T14:00:00+00:00,2023,Emirates Stadium,1,5,2,0
1035343,2023-12-17T14:00:00+00:00,2023,London Stadium,23,24,3,0
1035336,2023-12-17T14:00:00+00:00,2023,Gtech Community Stadium,4,2,1,2
1035339,2023-12-17T16:30:00+00:00,2023,Anfield,14,17,0,0
1035345,2023-12-21T20:00:00+00:00,2023,Selhurst Park,8,5,1,1
1035344,2023-12-22T20:00:00+00:00,2023,Villa Park,2,20,1,1
1035352,2023-12-23T12:30:00+00:00,2023,London Stadium,23,17,2,0
1035346,2023-12-23T15:00:00+00:00,2023,Craven Cottage,10,6,0,2
1035351,2023-12-23T15:00:00+00:00,2023,Tottenham Hotspur Stadium,22,9,2,1
1035350,2023-12-23T15:00:00+00:00,2023,The City Ground,19,3,2,3
1035348,2023-12-23T15:00:00+00:00,2023,Kenilworth Road,15,18,1,0
1035347,2023-12-23T17:30:00+00:00,2023,Anfield,14,1,1,1
1035353,2023-12-24T13:00:00+00:00,2023,Molineux Stadium,24,7,2,1
1035362,2023-12-26T12:30:00+00:00,2023,St. James' Park,18,19,1,3
1035354,2023-12-26T15:00:00+00:00,2023,Vitality Stadium,3,10,3,0
1035363,2023-12-26T15:00:00+00:00,2023,Bramall Lane,20,15,2,3
1035358,2023-12-26T17:30:00+00:00,2023,Turf Moor,6,14,0,2
1035361,2023-12-26T20:00:00+00:00,2023,Old Trafford,17,2,3,2
1035359,2023-12-27T19:30:00+00:00,2023,Stamford Bridge,7,8,2,1
1035356,2023-12-27T19:30:00+00:00,2023,Gtech Community Stadium,4,24,1,4
1035360,2023-12-27T20:15:00+00:00,2023,Goodison Park,9,16,1,3
1035357,2023-12-28T19:30:00+00:00,2023,American Express Stadium,5,22,4,2
1035355,2023-12-28T20:15:00+00:00,2023,Emirates Stadium,1,23,0,2
1035368,2023-12-30T12:30:00+00:00,2023,Kenilworth Road,15,7,2,3
1035373,2023-12-30T15:00:00+00:00,2023,Molineux Stadium,24,9,3,0
1035369,2023-12-30T15:00:00+00:00,2023,Etihad Stadium,16,20,2,0
1035365,2023-12-30T15:00:00+00:00,2023,Selhurst Park,8,4,3,1
1035364,2023-12-30T15:00:00+00:00,2023,Villa Park,2,6,3,2
1035370,2023-12-30T17:30:00+00:00,2023,The City Ground,19,17,2,1
1035366,2023-12-31T14:00:00+00:00,2023,Craven Cottage,10,1,2,1
1035371,2023-12-31T14:00:00+00:00,2023,Tottenham Hotspur Stadium,22,3,3,1
1035367,2024-01-01T20:00:00+00:00,2023,Anfield,14,18,4,2
1035372,2024-01-02T19:30:00+00:00,2023,London Stadium,23,5,0,0
1035378,2024-01-12T19:45:00+00:00,2023,Turf Moor,6,15,1,1
1035379,2024-01-13T12:30:00+00:00,2023,Stamford Bridge,7,10,1,0
1035382,2024-01-13T17:30:00+00:00,2023,St. James' Park,18,16,2,3
1035380,2024-01-14T14:00:00+00:00,2023,Goodison Park,9,2,0,0
1035381,2024-01-14T16:30:00+00:00,2023,Old Trafford,17,22,2,2
1035375,2024-01-20T12:30:00+00:00,2023,Emirates Stadium,1,8,5,0
1035376,2024-01-20T17:30:00+00:00,2023,Gtech Community Stadium,4,19,3,2
1035383,2024-01-21T14:00:00+00:00,2023,Bramall Lane,20,23,2,2
1035374,2024-01-21T16:30:00+00:00,2023,Vitality Stadium,3,14,0,4
1035377,2024-01-22T19:45:00+00:00,2023,American Express Stadium,5,24,0,0
1035387,2024-01-30T19:30:00+00:00,2023,The City Ground,19,1,1,2
1035385,2024-01-30T19:45:00+00:00,2023,Craven Cottage,10,9,0,0
1035386,2024-01-30T19:45:00+00:00,2023,Kenilworth Road,15,5,4,0
1035391,2024-01-30T20:00:00+00:00,2023,Selhurst Park,8,20,3,2
1035384,2024-01-30T20:15:00+00:00,2023,Villa Park,2,18,1,3
1035388,2024-01-31T19:30:00+00:00,2023,Tottenham Hotspur Stadium,22,4,3,2
1035393,2024-01-31T19:30:00+00:00,2023,Etihad Stadium,16,6,3,1
1035392,2024-01-31T20:15:00+00:00,2023,Anfield,14,7,4,1
1035389,2024-02-01T19:30:00+00:00,2023,London Stadium,23,3,1,1
1035390,2024-02-01T20:15:00+00:00,2023,Molineux Stadium,24,17,3,4
1035400,2024-02-03T12:30:00+00:00,2023,Goodison Park,9,22,2,2
1035402,2024-02-03T15:00:00+00:00,2023,St. James' Park,18,15,4,4
1035398,2024-02-03T15:00:00+00:00,2023,Turf Moor,6,10,2,2
1035397,2024-02-03T15:00:00+00:00,2023,American Express Stadium,5,8,4,1
1035403,2024-02-03T17:30:00+00:00,2023,Bramall Lane,20,2,0,5
1035401,2024-02-04T14:00:00+00:00,2023,Old Trafford,17,23,3,0
1035394,2024-02-04T14:00:00+00:00,2023,Vitality Stadium,3,19,1,1
1035399,2024-02-04T14:00:00+00:00,2023,Stamford Bridge,7,24,2,4
1035395,2024-02-04T16:30:00+00:00,2023,Emirates Stadium,1,14,3,1
1035396,2024-02-05T20:00:00+00:00,2023,Gtech Community Stadium,4,16,1,3
1035409,2024-02-10T12:30:00+00:00,2023,Etihad Stadium,16,9,2,0
1035406,2024-02-10T15:00:00+00:00,2023,Craven Cottage,10,3,3,1
1035413,2024-02-10T15:00:00+00:00,2023,Molineux Stadium,24,4,0,2
1035407,2024-02-10T15:00:00+00:00,2023,Anfield,14,6,3,1
1035411,2024-02-10T15:00:00+00:00,2023,Tottenham Hotspur Stadium,22,5,2,1
1035408,2024-02-10T15:00:00+00:00,2023,Kenilworth Road,15,20,1,3
1035410,2024-02-10T17:30:00+00:00,2023,The City Ground,19,18,2,3
1035412,2024-02-11T14:00:00+00:00,2023,London Stadium,23,1,0,6
1035404,2024-02-11T16:30:00+00:00,2023,Villa Park,2,17,1,2
1035405,2024-02-12T20:00:00+00:00,2023,Selhurst Park,8,7,1,3
1035414,2024-02-17T12:30:00+00:00,2023,Gtech Community Stadium,4,14,1,4
1035420,2024-02-17T15:00:00+00:00,2023,St. James' Park,18,3,2,2
1035417,2024-02-17T15:00:00+00:00,2023,Craven Cottage,10,2,1,2
1035415,2024-02-17T15:00:00+00:00,2023,Turf Moor,6,1,0,5
1035423,2024-02-17T15:00:00+00:00,2023,Tottenham Hotspur Stadium,22,24,1,2
1035421,2024-02-17T15:00:00+00:00,2023,The City Ground,19,23,2,0
1035419,2024-02-17T17:30:00+00:00,2023,Etihad Stadium,16,7,1,1
1035422,2024-02-18T14:00:00+00:00,2023,Bramall Lane,20,5,0,5
1035418,2024-02-18T16:30:00+00:00,2023,Kenilworth Road,15,17,1,2
1035416,2024-02-19T20:00:00+00:00,2023,Goodison Park,9,8,1,1
1035349,2024-02-20T19:30:00+00:00,2023,Etihad Stadium,16,4,1,0
1035430,2024-02-21T19:30:00+00:00,2023,Anfield,14,15,4,1
1035431,2024-02-24T15:00:00+00:00,2023,Old Trafford,17,10,1,2
1035427,2024-02-24T15:00:00+00:00,2023,American Express Stadium,5,9,1,1
1035429,2024-02-24T15:00:00+00:00,2023,Selhurst Park,8,6,3,0
1035426,2024-02-24T15:00:00+00:00,2023,Villa Park,2,19,4,2
1035424,2024-02-24T17:30:00+00:00,2023,Vitality Stadium,3,16,0,1
1035425,2024-02-24T20:00:00+00:00,2023,Emirates Stadium,1,18,4,1
1035433,2024-02-25T13:30:00+00:00,2023,Molineux Stadium,24,20,1,0
1035432,2024-02-26T20:00:00+00:00,2023,London Stadium,23,4,4,2
1035440,2024-03-02T15:00:00+00:00,2023,St. James' Park,18,24,3,0
1035437,2024-03-02T15:00:00+00:00,2023,Craven Cottage,10,5,3,0
1035436,2024-03-02T15:00:00+00:00,2023,Goodison Park,9,23,1,3
1035443,2024-03-02T15:00:00+00:00,2023,Tottenham Hotspur Stadium,22,8,3,1
1035434,2024-03-02T15:00:00+00:00,2023,Gtech Community Stadium,4,7,2,2
1035441,2024-03-02T15:00:00+00:00,2023,The City Ground,19,14,0,1
1035438,2024-03-02T17:30:00+00:00,2023,Kenilworth Road,15,2,2,3
1035435,2024-03-03T13:00:00+00:00,2023,Turf Moor,6,3,0,2
1035439,2024-03-03T15:30:00+00:00,2023,Etihad Stadium,16,17,3,1
1035442,2024-03-04T20:00:00+00:00,2023,Bramall Lane,20,1,0,6
1035451,2024-03-09T12:30:00+00:00,2023,Old Trafford,17,9,2,0
1035444,2024-03-09T15:00:00+00:00,2023,Vitality Stadium,3,20,2,2
1035453,2024-03-09T15:00:00+00:00,2023,Molineux Stadium,24,10,2,1
1035449,2024-03-09T15:00:00+00:00,2023,Selhurst Park,8,15,1,1
1035445,2024-03-09T17:30:00+00:00,2023,Emirates Stadium,1,4,2,1
1035446,2024-03-10T13:00:00+00:00,2023,Villa Park,2,22,0,4
1035452,2024-03-10T14:00:00+00:00,2023,London Stadium,23,6,2,2
1035447,2024-03-10T14:00:00+00:00,2023,American Express Stadium,5,19,1,0
1035450,2024-03-10T15:45:00+00:00,2023,Anfield,14,16,1,1
1035448,2024-03-11T20:00:00+00:00,2023,Stamford Bridge,7,18,3,2
1035334,2024-03-13T19:30:00+00:00,2023,Vitality Stadium,3,15,4,3
1035456,2024-03-16T15:00:00+00:00,2023,Turf Moor,6,4,2,1
1035460,2024-03-16T15:00:00+00:00,2023,Kenilworth Road,15,19,1,1
1035459,2024-03-16T17:30:00+00:00,2023,Craven Cottage,10,22,3,0
1035462,2024-03-17T14:00:00+00:00,2023,London Stadium,23,2,1,1
1035470,2024-03-30T12:30:00+00:00,2023,St. James' Park,18,23,4,3
1035464,2024-03-30T15:00:00+00:00,2023,Vitality Stadium,3,9,2,1
1035473,2024-03-30T15:00:00+00:00,2023,Tottenham Hotspur Stadium,22,15,2,1
1035467,2024-03-30T15:00:00+00:00,2023,Stamford Bridge,7,6,2,2
1035472,2024-03-30T15:00:00+00:00,2023,Bramall Lane,20,10,3,3
1035471,2024-03-30T15:00:00+00:00,2023,The City Ground,19,8,1,1
1035465,2024-03-30T17:30:00+00:00,2023,Villa Park,2,24,2,0
1035466,2024-03-30T20:00:00+00:00,2023,Gtech Community Stadium,4,17,1,1
1035468,2024-03-31T13:00:00+00:00,2023,Anfield,14,5,2,1
1035469,2024-03-31T15:30:00+00:00,2023,Etihad Stadium,16,1,0,0
1035481,2024-04-02T18:30:00+00:00,2023,St. James' Park,18,9,1,1
1035478,2024-04-02T18:30:00+00:00,2023,The City Ground,19,10,3,1
1035474,2024-04-02T18:45:00+00:00,2023,Vitality Stadium,3,8,1,0
1035477,2024-04-02T18:45:00+00:00,2023,Turf Moor,6,24,1,1
1035479,2024-04-02T19:15:00+00:00,2023,London Stadium,23,22,1,1
1035475,2024-04-03T18:30:00+00:00,2023,Emirates Stadium,1,15,2,0
1035476,2024-04-03T18:30:00+00:00,2023,Gtech Community Stadium,4,5,0,0
1035483,2024-04-03T19:15:00+00:00,2023,Etihad Stadium,16,2,4,1
1035482,2024-04-04T18:30:00+00:00,2023,Anfield,14,20,3,1
1035480,2024-04-04T19:15:00+00:00,2023,Stamford Bridge,7,17,4,3
1035486,2024-04-06T11:30:00+00:00,2023,Selhurst Park,8,16,2,4
1035488,2024-04-06T14:00:00+00:00,2023,Craven Cottage,10,18,0,1
1035493,2024-04-06T14:00:00+00:00,2023,Molineux Stadium,24,23,1,2
1035487,2024-04-06T14:00:00+00:00,2023,Goodison Park,9,6,1,0
1035484,2024-04-06T14:00:00+00:00,2023,Villa Park,2,4,3,3
1035489,2024-04-06T14:00:00+00:00,2023,Kenilworth Road,15,3,2,1
1035485,2024-04-06T16:30:00+00:00,2023,American Express Stadium,5,1,0,3
1035490,2024-04-07T14:30:00+00:00,2023,Old Trafford,17,14,2,2
1035491,2024-04-07T16:30:00+00:00,2023,Bramall Lane,20,7,2,2
1035492,2024-04-07T17:00:00+00:00,2023,Tottenham Hotspur Stadium,22,19,3,1
1035501,2024-04-13T11:30:00+00:00,2023,St. James' Park,18,22,4,0
1035497,2024-04-13T14:00:00+00:00,2023,Turf Moor,6,5,1,1
1035500,2024-04-13T14:00:00+00:00,2023,Etihad Stadium,16,15,5,1
1035496,2024-04-13T14:00:00+00:00,2023,Gtech Community Stadium,4,20,2,0
1035502,2024-04-13T14:00:00+00:00,2023,The City Ground,19,24,2,2
1035494,2024-04-13T16:30:00+00:00,2023,Vitality Stadium,3,17,2,2
1035499,2024-04-14T13:00:00+00:00,2023,Anfield,14,8,0,1
1035503,2024-04-14T13:00:00+00:00,2023,London Stadium,23,10,0,2
1035495,2024-04-14T15:30:00+00:00,2023,Emirates Stadium,1,2,0,2
1035498,2024-04-15T19:00:00+00:00,2023,Stamford Bridge,7,9,6,0
1035511,2024-04-20T14:00:00+00:00,2023,Bramall Lane,20,6,1,4
1035509,2024-04-20T14:00:00+00:00,2023,Kenilworth Road,15,4,1,5
1035513,2024-04-20T18:30:00+00:00,2023,Molineux Stadium,24,1,0,2
1035507,2024-04-21T12:30:00+00:00,2023,Goodison Park,9,19,2,0
1035506,2024-04-21T14:00:00+00:00,2023,Selhurst Park,8,23,5,2
1035504,2024-04-21T14:00:00+00:00,2023,Villa Park,2,3,3,1
1035508,2024-04-21T15:30:00+00:00,2023,Craven Cottage,10,14,1,3
1035454,2024-04-23T19:00:00+00:00,2023,Emirates Stadium,1,7,5,0
1035463,2024-04-24T18:45:00+00:00,2023,Molineux Stadium,24,3,0,1
1035461,2024-04-24T19:00:00+00:00,2023,Old Trafford,17,20,4,2
1035458,2024-04-24T19:00:00+00:00,2023,Goodison Park,9,14,2,0
1035457,2024-04-24T19:00:00+00:00,2023,Selhurst Park,8,18,2,0
1035455,2024-04-25T19:00:00+00:00,2023,American Express Stadium,5,16,0,4
1035522,2024-04-27T11:30:00+00:00,2023,London Stadium,23,14,2,2
1035518,2024-04-27T14:00:00+00:00,2023,Old Trafford,17,6,1,1
1035519,2024-04-27T14:00:00+00:00,2023,St. James' Park,18,20,5,1
1035517,2024-04-27T14:00:00+00:00,2023,Craven Cottage,10,8,1,1
1035523,2024-04-27T14:00:00+00:00,2023,Molineux Stadium,24,15,2,1
1035516,2024-04-27T16:30:00+00:00,2023,Goodison Park,9,4,1,0
1035515,2024-04-27T19:00:00+00:00,2023,Villa Park,2,7,2,2
1035514,2024-04-28T13:00:00+00:00,2023,Vitality Stadium,3,5,3,0
1035521,2024-04-28T13:00:00+00:00,2023,Tottenham Hotspur Stadium,22,1,2,3
1035520,2024-04-28T15:30:00+00:00,2023,The City Ground,19,16,0,2
1035428,2024-05-02T18:30:00+00:00,2023,Stamford Bridge,7,22,2,0
1035531,2024-05-03T19:00:00+00:00,2023,Kenilworth Road,15,9,1,1
1035524,2024-05-04T11:30:00+00:00,2023,Emirates Stadium,1,3,3,0
1035527,2024-05-04T14:00:00+00:00,2023,Turf Moor,6,18,1,4
1035525,2024-05-04T14:00:00+00:00,2023,Gtech Community Stadium,4,10,0,0
1035533,2024-05-04T14:00:00+00:00,2023,Bramall Lane,20,19,1,3
1035532,2024-05-04T16:30:00+00:00,2023,Etihad Stadium,16,24,5,1
1035528,2024-05-05T13:00:00+00:00,2023,Stamford Bridge,7,23,5,0
1035526,2024-05-05T13:00:00+00:00,2023,American Express Stadium,5,2,1,0
1035530,2024-05-05T15:30:00+00:00,2023,Anfield,14,22,4,2
1035529,2024-05-06T19:00:00+00:00,2023,Selhurst Park,8,17,4,0
1035537,2024-05-11T11:30:00+00:00,2023,Craven Cottage,10,16,0,4
1035539,2024-05-11T14:00:00+00:00,2023,St. James' Park,18,5,1,1
1035534,2024-05-11T14:00:00+00:00,2023,Vitality Stadium,3,4,1,2
1035543,2024-05-11T14:00:00+00:00,2023,Molineux Stadium,24,8,1,3
1035536,2024-05-11T14:00:00+00:00,2023,Goodison Park,9,20,1,0
1035541,2024-05-11T14:00:00+00:00,2023,Tottenham Hotspur Stadium,22,6,2,1
1035542,2024-05-11T14:00:00+00:00,2023,London Stadium,23,15,3,1
1035540,2024-05-11T16:30:00+00:00,2023,The City Ground,19,7,2,3
1035538,2024-05-12T15:30:00+00:00,2023,Old Trafford,17,1,0,1
1035535,2024-05-13T19:00:00+00:00,2023,Villa Park,2,14,3,3
1035512,2024-05-14T19:00:00+00:00,2023,Tottenham Hotspur Stadium,22,16,0,2
1035505,2024-05-15T18:45:00+00:00,2023,American Express Stadium,5,7,1,2
1035510,2024-05-15T19:00:00+00:00,2023,Old Trafford,17,18,3,2
1035550,2024-05-19T15:00:00+00:00,2023,Anfield,14,24,2,0
1035544,2024-05-19T15:00:00+00:00,2023,Emirates Stadium,1,9,2,1
1035547,2024-05-19T15:00:00+00:00,2023,Turf Moor,6,19,1,2
1035548,2024-05-19T15:00:00+00:00,2023,Stamford Bridge,7,3,2,1
1035552,2024-05-19T15:00:00+00:00,2023,Etihad Stadium,16,23,3,1
1035546,2024-05-19T15:00:00+00:00,2023,American Express Stadium,5,17,0,2
1035549,2024-05-19T15:00:00+00:00,2023,Selhurst Park,8,2,5,0
1035545,2024-05-19T15:00:00+00:00,2023,Gtech Community Stadium,4,18,2,4
1035553,2024-05-19T15:00:00+00:00,2023,Bramall Lane,20,22,0,3
1035551,2024-05-19T15:00:00+00:00,2023,Kenilworth Road,15,10,2,4
1208021,2024-08-16T19:00:00+00:00,2024,Old Trafford,17,10,1,0
1208022,2024-08-17T11:30:00+00:00,2024,Portman Road,11,14,0,2
1208025,2024-08-17T14:00:00+00:00,2024,St. James' Park,18,21,1,0
1208023,2024-08-17T14:00:00+00:00,2024,Emirates Stadium,1,24,2,0
1208024,2024-08-17T14:00:00+00:00,2024,Goodison Park,9,5,0,3
1208026,2024-08-17T14:00:00+00:00,2024,The City Ground,19,3,1,1
1208027,2024-08-17T16:30:00+00:00,2024,London Stadium,23,2,1,2
1208028,2024-08-18T13:00:00+00:00,2024,Gtech Community Stadium,4,8,2,1
1208029,2024-08-18T15:30:00+00:00,2024,Stamford Bridge,7,16,0,2
1208030,2024-08-19T19:00:00+00:00,2024,King Power Stadium,13,22,1,1
1208033,2024-08-24T11:30:00+00:00,2024,American Express Stadium,5,17,2,1
1208035,2024-08-24T14:00:00+00:00,2024,Craven Cottage,10,13,2,1
1208038,2024-08-24T14:00:00+00:00,2024,St. Mary's Stadium,21,19,0,1
1208039,2024-08-24T14:00:00+00:00,2024,Tottenham Hotspur Stadium,22,9,4,0
1208037,2024-08-24T14:00:00+00:00,2024,Etihad Stadium,16,11,4,1
1208034,2024-08-24T14:00:00+00:00,2024,Selhurst Park,8,23,0,2
1208032,2024-08-24T16:30:00+00:00,2024,Villa Park,2,1,0,2
1208031,2024-08-25T13:00:00+00:00,2024,Vitality Stadium,3,18,1,1
1208040,2024-08-25T13:00:00+00:00,2024,Molineux Stadium,24,7,2,6
1208036,2024-08-25T15:30:00+00:00,2024,Anfield,14,4,2,0
1208041,2024-08-31T11:30:00+00:00,2024,Emirates Stadium,1,5,1,1
1208044,2024-08-31T14:00:00+00:00,2024,Goodison Park,9,3,2,3
1208046,2024-08-31T14:00:00+00:00,2024,King Power Stadium,13,2,1,2
1208042,2024-08-31T14:00:00+00:00,2024,Gtech Community Stadium,4,21,3,1
1208045,2024-08-31T14:00:00+00:00,2024,Portman Road,11,10,1,1
1208049,2024-08-31T14:00:00+00:00,2024,The City Ground,19,24,1,1
1208050,2024-08-31T16:30:00+00:00,2024,London Stadium,23,16,1,3
1208048,2024-09-01T12:30:00+00:00,2024,St. James' Park,18,22,2,1
1208043,2024-09-01T12:30:00+00:00,2024,Stamford Bridge,7,8,1,1
1208047,2024-09-01T15:00:00+00:00,2024,Old Trafford,17,14,0,3
1208058,2024-09-14T11:30:00+00:00,2024,St. Mary's Stadium,21,17,0,3
1208055,2024-09-14T14:00:00+00:00,2024,Craven Cottage,10,23,1,1
1208056,2024-09-14T14:00:00+00:00,2024,Anfield,14,19,0,1
1208057,2024-09-14T14:00:00+00:00,2024,Etihad Stadium,16,4,2,1
1208053,2024-09-14T14:00:00+00:00,2024,American Express Stadium,5,11,0,0
1208054,2024-09-14T14:00:00+00:00,2024,Selhurst Park,8,13,2,2
1208052,2024-09-14T16:30:00+00:00,2024,Villa Park,2,9,3,2
1208051,2024-09-14T19:00:00+00:00,2024,Vitality Stadium,3,7,0,1
1208059,2024-09-15T13:00:00+00:00,2024,Tottenham Hotspur Stadium,22,1,0,1
1208060,2024-09-15T15:30:00+00:00,2024,Molineux Stadium,24,18,1,2
1208070,2024-09-21T11:30:00+00:00,2024,London Stadium,23,7,0,3
1208064,2024-09-21T14:00:00+00:00,2024,Craven Cottage,10,18,3,1
1208066,2024-09-21T14:00:00+00:00,2024,Anfield,14,3,3,0
1208068,2024-09-21T14:00:00+00:00,2024,St. Mary's Stadium,21,11,1,1
1208065,2024-09-21T14:00:00+00:00,2024,King Power Stadium,13,9,1,1
1208069,2024-09-21T14:00:00+00:00,2024,Tottenham Hotspur Stadium,22,4,3,1
1208061,2024-09-21T14:00:00+00:00,2024,Villa Park,2,24,3,1
1208063,2024-09-21T16:30:00+00:00,2024,Selhurst Park,8,17,0,0
1208062,2024-09-22T13:00:00+00:00,2024,American Express Stadium,5,19,2,2
1208067,2024-09-22T15:30:00+00:00,2024,Etihad Stadium,16,1,2,2
1208078,2024-09-28T11:30:00+00:00,2024,St. James' Park,18,16,1,1
1208072,2024-09-28T14:00:00+00:00,2024,Emirates Stadium,1,13,4,2
1208075,2024-09-28T14:00:00+00:00,2024,Goodison Park,9,8,2,1
1208074,2024-09-28T14:00:00+00:00,2024,Stamford Bridge,7,5,4,2
1208073,2024-09-28T14:00:00+00:00,2024,Gtech Community Stadium,4,23,1,1
1208079,2024-09-28T14:00:00+00:00,2024,The City Ground,19,10,0,1
1208080,2024-09-28T16:30:00+00:00,2024,Molineux Stadium,24,14,1,2
1208076,2024-09-29T13:00:00+00:00,2024,Portman Road,11,2,2,2
1208077,2024-09-29T15:30:00+00:00,2024,Old Trafford,17,22,0,3
1208071,2024-09-30T19:00:00+00:00,2024,Vitality Stadium,3,21,3,1
1208086,2024-10-05T11:30:00+00:00,2024,Selhurst Park,8,14,0,1
1208081,2024-10-05T14:00:00+00:00,2024,Emirates Stadium,1,21,3,1
1208088,2024-10-05T14:00:00+00:00,2024,King Power Stadium,13,3,1,0
1208090,2024-10-05T14:00:00+00:00,2024,London Stadium,23,11,4,1
1208089,2024-10-05T14:00:00+00:00,2024,Etihad Stadium,16,10,3,2
1208083,2024-10-05T14:00:00+00:00,2024,Gtech Community Stadium,4,24,5,3
1208087,2024-10-05T16:30:00+00:00,2024,Goodison Park,9,18,0,0
1208085,2024-10-06T13:00:00+00:00,2024,Stamford Bridge,7,19,1,1
1208082,2024-10-06T13:00:00+00:00,2024,Villa Park,2,17,0,0
1208084,2024-10-06T15:30:00+00:00,2024,American Express Stadium,5,22,3,2
1208099,2024-10-19T11:30:00+00:00,2024,Tottenham Hotspur Stadium,22,23,4,1
1208095,2024-10-19T14:00:00+00:00,2024,Old Trafford,17,4,2,1
1208096,2024-10-19T14:00:00+00:00,2024,St. James' Park,18,5,0,1
1208092,2024-10-19T14:00:00+00:00,2024,Craven Cottage,10,2,1,3
1208098,2024-10-19T14:00:00+00:00,2024,St. Mary's Stadium,21,13,2,3
1208093,2024-10-19T14:00:00+00:00,2024,Portman Road,11,9,0,2
1208091,2024-10-19T16:30:00+00:00,2024,Vitality Stadium,3,1,2,0
1208100,2024-10-20T13:00:00+00:00,2024,Molineux Stadium,24,16,1,2
1208094,2024-10-20T15:30:00+00:00,2024,Anfield,14,7,2,1
1208097,2024-10-21T19:00:00+00:00,2024,The City Ground,19,8,1,0
1208110,2024-10-25T19:00:00+00:00,2024,King Power Stadium,13,19,1,3
1208111,2024-10-26T14:00:00+00:00,2024,Etihad Stadium,16,21,1,0
1208106,2024-10-26T14:00:00+00:00,2024,American Express Stadium,5,24,2,2
1208105,2024-10-26T14:00:00+00:00,2024,Gtech Community Stadium,4,11,4,3
1208104,2024-10-26T14:00:00+00:00,2024,Villa Park,2,3,1,1
1208109,2024-10-26T16:30:00+00:00,2024,Goodison Park,9,10,1,1
1208112,2024-10-27T13:00:00+00:00,2024,London Stadium,23,17,2,1
1208107,2024-10-27T13:00:00+00:00,2024,Stamford Bridge,7,18,2,1
1208108,2024-10-27T13:00:00+00:00,2024,Selhurst Park,8,22,1,0
1208103,2024-10-27T15:30:00+00:00,2024,Emirates Stadium,1,14,2,2
1208118,2024-11-02T12:30:00+00:00,2024,St. James' Park,18,1,1,0
1208113,2024-11-02T15:00:00+00:00,2024,Vitality Stadium,3,16,2,1
1208116,2024-11-02T15:00:00+00:00,2024,Anfield,14,5,2,1
1208120,2024-11-02T15:00:00+00:00,2024,St. Mary's Stadium,21,9,1,0
1208115,2024-11-02T15:00:00+00:00,2024,Portman Road,11,13,1,1
1208119,2024-11-02T15:00:00+00:00,2024,The City Ground,19,23,3,0
1208122,2024-11-02T17:30:00+00:00,2024,Molineux Stadium,24,8,2,2
1208121,2024-11-03T14:00:00+00:00,2024,Tottenham Hotspur Stadium,22,2,4,1
1208117,2024-11-03T16:30:00+00:00,2024,Old Trafford,17,7,1,1
1208114,2024-11-04T20:00:00+00:00,2024,Craven Cottage,10,4,2,1
1208132,2024-11-09T15:00:00+00:00,2024,Molineux Stadium,24,21,2,0
1208131,2024-11-09T15:00:00+00:00,2024,London Stadium,23,9,0,0
1208126,2024-11-09T15:00:00+00:00,2024,Selhurst Park,8,10,0,2
1208123,2024-11-09T15:00:00+00:00,2024,Gtech Community Stadium,4,3,3,2
1208124,2024-11-09T17:30:00+00:00,2024,American Express Stadium,5,16,2,1
1208127,2024-11-09T20:00:00+00:00,2024,Anfield,14,2,2,0
1208128,2024-11-10T14:00:00+00:00,2024,Old Trafford,17,13,3,0
1208130,2024-11-10T14:00:00+00:00,2024,Tottenham Hotspur Stadium,22,11,1,2
1208129,2024-11-10T14:00:00+00:00,2024,The City Ground,19,18,1,3
1208125,2024-11-10T16:30:00+00:00,2024,Stamford Bridge,7,1,1,1
1208139,2024-11-23T12:30:00+00:00,2024,King Power Stadium,13,7,1,2
1208133,2024-11-23T15:00:00+00:00,2024,Vitality Stadium,3,5,1,2
1208137,2024-11-23T15:00:00+00:00,2024,Craven Cottage,10,24,1,4
1208134,2024-11-23T15:00:00+00:00,2024,Emirates Stadium,1,19,3,0
1208136,2024-11-23T15:00:00+00:00,2024,Goodison Park,9,4,0,0
1208135,2024-11-23T15:00:00+00:00,2024,Villa Park,2,8,2,2
1208140,2024-11-23T17:30:00+00:00,2024,Etihad Stadium,16,22,0,4
1208142,2024-11-24T14:00:00+00:00,2024,St. Mary's Stadium,21,14,2,3
1208138,2024-11-24T16:30:00+00:00,2024,Portman Road,11,17,1,1
1208141,2024-11-25T20:00:00+00:00,2024,St. James' Park,18,23,0,2
1208144,2024-11-29T20:00:00+00:00,2024,American Express Stadium,5,21,1,1
1208152,2024-11-30T15:00:00+00:00,2024,Molineux Stadium,24,3,2,4
1208146,2024-11-30T15:00:00+00:00,2024,Selhurst Park,8,18,1,1
1208143,2024-11-30T15:00:00+00:00,2024,Gtech Community Stadium,4,13,4,1
1208149,2024-11-30T15:00:00+00:00,2024,The City Ground,19,11,1,0
1208151,2024-11-30T17:30:00+00:00,2024,London Stadium,23,1,2,5
1208148,2024-12-01T13:30:00+00:00,2024,Old Trafford,17,9,4,0
1208150,2024-12-01T13:30:00+00:00,2024,Tottenham Hotspur Stadium,22,10,1,1
1208145,2024-12-01T13:30:00+00:00,2024,Stamford Bridge,7,2,3,0
1208147,2024-12-01T16:00:00+00:00,2024,Anfield,14,16,2,0
1208158,2024-12-03T19:30:00+00:00,2024,Portman Road,11,8,0,1
1208159,2024-12-03T20:15:00+00:00,2024,King Power Stadium,13,23,3,1
1208161,2024-12-04T19:30:00+00:00,2024,St. James' Park,18,14,3,3
1208162,2024-12-04T19:30:00+00:00,2024,St. Mary's Stadium,21,7,1,5
1208156,2024-12-04T19:30:00+00:00,2024,Goodison Park,9,24,4,0
1208160,2024-12-04T19:30:00+00:00,2024,Etihad Stadium,16,19,3,0
1208154,2024-12-04T20:15:00+00:00,2024,Emirates Stadium,1,17,2,0
1208155,2024-12-04T20:15:00+00:00,2024,Villa Park,2,4,3,1
1208157,2024-12-05T19:30:00+00:00,2024,Craven Cottage,10,5,3,1
1208153,2024-12-05T20:15:00+00:00,2024,Vitality Stadium,3,22,1,0
1208165,2024-12-07T15:00:00+00:00,2024,Selhurst Park,8,16,2,2
1208164,2024-12-07T15:00:00+00:00,2024,Gtech Community Stadium,4,18,4,2
1208163,2024-12-07T15:00:00+00:00,2024,Villa Park,2,21,1,0
1208170,2024-12-07T17:30:00+00:00,2024,Old Trafford,17,19,2,3
1208167,2024-12-08T14:00:00+00:00,2024,Craven Cottage,10,1,1,1
1208169,2024-12-08T14:00:00+00:00,2024,King Power Stadium,13,5,2,2
1208168,2024-12-08T14:00:00+00:00,2024,Portman Road,11,3,1,2
1208171,2024-12-08T16:30:00+00:00,2024,Tottenham Hotspur Stadium,22,7,3,4
1208172,2024-12-09T20:00:00+00:00,2024,London Stadium,23,24,2,1
1208179,2024-12-14T15:00:00+00:00,2024,St. James' Park,18,13,4,0
1208182,2024-12-14T15:00:00+00:00,2024,Molineux Stadium,24,11,1,2
1208177,2024-12-14T15:00:00+00:00,2024,Anfield,14,10,2,2
1208174,2024-12-14T15:00:00+00:00,2024,Emirates Stadium,1,9,0,0
1208180,2024-12-14T17:30:00+00:00,2024,The City Ground,19,2,2,1
1208175,2024-12-15T14:00:00+00:00,2024,American Express Stadium,5,8,1,3
1208178,2024-12-15T16:30:00+00:00,2024,Etihad Stadium,16,17,1,2
1208181,2024-12-15T19:00:00+00:00,2024,St. Mary's Stadium,21,22,0,5
1208176,2024-12-15T19:00:00+00:00,2024,Stamford Bridge,7,4,2,1
1208173,2024-12-16T20:00:00+00:00,2024,Vitality Stadium,3,23,1,1
1208183,2024-12-21T12:30:00+00:00,2024,Villa Park,2,16,2,1
1208192,2024-12-21T15:00:00+00:00,2024,London Stadium,23,5,1,1
1208184,2024-12-21T15:00:00+00:00,2024,Gtech Community Stadium,4,19,0,2
1208188,2024-12-21T15:00:00+00:00,2024,Portman Road,11,18,0,4
1208185,2024-12-21T17:30:00+00:00,2024,Selhurst Park,8,1,1,5
1208190,2024-12-22T14:00:00+00:00,2024,Old Trafford,17,3,0,3
1208187,2024-12-22T14:00:00+00:00,2024,Craven Cottage,10,21,0,0
1208186,2024-12-22T14:00:00+00:00,2024,Goodison Park,9,7,0,0
1208189,2024-12-22T14:00:00+00:00,2024,King Power Stadium,13,24,0,3
1208191,2024-12-22T16:30:00+00:00,2024,Tottenham Hotspur Stadium,22,14,3,6
1208198,2024-12-26T12:30:00+00:00,2024,Etihad Stadium,16,9,1,1
1208199,2024-12-26T15:00:00+00:00,2024,St. James' Park,18,2,3,0
1208193,2024-12-26T15:00:00+00:00,2024,Vitality Stadium,3,8,0,0
1208201,2024-12-26T15:00:00+00:00,2024,St. Mary's Stadium,21,23,0,1
1208196,2024-12-26T15:00:00+00:00,2024,Stamford Bridge,7,10,1,2
1208200,2024-12-26T15:00:00+00:00,2024,The City Ground,19,22,1,0
1208202,2024-12-26T17:30:00+00:00,2024,Molineux Stadium,24,17,2,0
1208197,2024-12-26T20:00:00+00:00,2024,Anfield,14,13,3,1
1208195,2024-12-27T19:30:00+00:00,2024,American Express Stadium,5,4,0,0
1208194,2024-12-27T20:15:00+00:00,2024,Emirates Stadium,1,11,1,0
1208209,2024-12-29T14:30:00+00:00,2024,King Power Stadium,13,16,0,2
1208207,2024-12-29T15:00:00+00:00,2024,Craven Cottage,10,3,2,2
1208206,2024-12-29T15:00:00+00:00,2024,Goodison Park,9,19,0,2
1208211,2024-12-29T15:00:00+00:00,2024,Tottenham Hotspur Stadium,22,24,2,2
1208205,2024-12-29T15:00:00+00:00,2024,Selhurst Park,8,21,2,1
1208212,2024-12-29T17:15:00+00:00,2024,London Stadium,23,14,0,5
1208208,2024-12-30T19:45:00+00:00,2024,Portman Road,11,7,2,0
1208203,2024-12-30T19:45:00+00:00,2024,Villa Park,2,5,2,2
1208210,2024-12-30T20:00:00+00:00,2024,Old Trafford,17,18,0,2
1208204,2025-01-01T17:30:00+00:00,2024,Gtech Community Stadium,4,1,1,3
1208221,2025-01-04T12:30:00+00:00,2024,Tottenham Hotspur Stadium,22,18,1,2
1208213,2025-01-04T15:00:00+00:00,2024,Vitality Stadium,3,9,1,0
1208220,2025-01-04T15:00:00+00:00,2024,St. Mary's Stadium,21,4,0,5
1208219,2025-01-04T15:00:00+00:00,2024,Etihad Stadium,16,23,4,1
1208216,2025-01-04T15:00:00+00:00,2024,Selhurst Park,8,7,1,1
1208214,2025-01-04T15:00:00+00:00,2024,Villa Park,2,13,2,1
1208215,2025-01-04T17:30:00+00:00,2024,American Express Stadium,5,1,1,1
1208217,2025-01-05T14:00:00+00:00,2024,Craven Cottage,10,11,2,2
1208218,2025-01-05T16:30:00+00:00,2024,Anfield,14,17,2,2
1208222,2025-01-06T20:00:00+00:00,2024,Molineux Stadium,24,19,0,3
1208229,2025-01-14T19:30:00+00:00,2024,London Stadium,23,10,3,2
1208230,2025-01-14T19:30:00+00:00,2024,Stamford Bridge,7,3,2,2
1208224,2025-01-14T19:30:00+00:00,2024,Gtech Community Stadium,4,16,2,2
1208228,2025-01-14T20:00:00+00:00,2024,The City Ground,19,14,1,1
1208231,2025-01-15T19:30:00+00:00,2024,St. James' Park,18,24,3,0
1208225,2025-01-15T19:30:00+00:00,2024,Goodison Park,9,2,0,1
1208227,2025-01-15T19:30:00+00:00,2024,King Power Stadium,13,8,0,2
1208223,2025-01-15T20:00:00+00:00,2024,Emirates Stadium,1,22,2,1
1208226,2025-01-16T19:30:00+00:00,2024,Portman Road,11,5,0,2
1208232,2025-01-16T20:00:00+00:00,2024,Old Trafford,17,21,3,1
1208240,2025-01-18T12:30:00+00:00,2024,St. James' Park,18,3,1,4
1208238,2025-01-18T15:00:00+00:00,2024,King Power Stadium,13,10,0,2
1208242,2025-01-18T15:00:00+00:00,2024,London Stadium,23,8,0,2
1208234,2025-01-18T15:00:00+00:00,2024,Gtech Community Stadium,4,14,0,2
1208233,2025-01-18T17:30:00+00:00,2024,Emirates Stadium,1,2,2,2
1208239,2025-01-19T14:00:00+00:00,2024,Old Trafford,17,5,1,3
1208236,2025-01-19T14:00:00+00:00,2024,Goodison Park,9,22,3,2
1208241,2025-01-19T14:00:00+00:00,2024,The City Ground,19,21,3,2
1208237,2025-01-19T16:30:00+00:00,2024,Portman Road,11,16,0,6
1208235,2025-01-20T20:00:00+00:00,2024,Stamford Bridge,7,24,3,1
1208243,2025-01-25T15:00:00+00:00,2024,Vitality Stadium,3,19,5,0
1208252,2025-01-25T15:00:00+00:00,2024,Molineux Stadium,24,1,0,1
1208248,2025-01-25T15:00:00+00:00,2024,Anfield,14,11,4,1
1208250,2025-01-25T15:00:00+00:00,2024,St. Mary's Stadium,21,18,1,3
1208245,2025-01-25T15:00:00+00:00,2024,American Express Stadium,5,9,0,1
1208249,2025-01-25T17:30:00+00:00,2024,Etihad Stadium,16,7,3,1
1208251,2025-01-26T14:00:00+00:00,2024,Tottenham Hotspur Stadium,22,13,1,2
1208246,2025-01-26T14:00:00+00:00,2024,Selhurst Park,8,4,1,2
1208244,2025-01-26T16:30:00+00:00,2024,Villa Park,2,23,1,1
1208247,2025-01-26T19:00:00+00:00,2024,Craven Cottage,10,17,0,1
1208261,2025-02-01T12:30:00+00:00,2024,The City Ground,19,5,7,0
1208260,2025-02-01T15:00:00+00:00,2024,St. James' Park,18,10,1,2
1208253,2025-02-01T15:00:00+00:00,2024,Vitality Stadium,3,14,0,2
1208257,2025-02-01T15:00:00+00:00,2024,Goodison Park,9,13,4,0
1208258,2025-02-01T15:00:00+00:00,2024,Portman Road,11,21,1,2
1208262,2025-02-01T17:30:00+00:00,2024,Molineux Stadium,24,2,2,0
1208259,2025-02-02T14:00:00+00:00,2024,Old Trafford,17,8,0,2
1208255,2025-02-02T14:00:00+00:00,2024,Gtech Community Stadium,4,22,0,2
1208254,2025-02-02T16:30:00+00:00,2024,Emirates Stadium,1,16,5,1
1208256,2025-02-03T20:00:00+00:00,2024,Stamford Bridge,7,23,2,1
1208166,2025-02-12T19:30:00+00:00,2024,Goodison Park,9,14,2,2
1208264,2025-02-14T20:00:00+00:00,2024,American Express Stadium,5,7,3,0
1208267,2025-02-15T12:30:00+00:00,2024,King Power Stadium,13,1,0,2
1208266,2025-02-15T15:00:00+00:00,2024,Craven Cottage,10,19,2,1
1208270,2025-02-15T15:00:00+00:00,2024,St. Mary's Stadium,21,3,1,3
1208272,2025-02-15T15:00:00+00:00,2024,London Stadium,23,4,0,1
1208269,2025-02-15T15:00:00+00:00,2024,Etihad Stadium,16,18,4,0
1208263,2025-02-15T15:00:00+00:00,2024,Villa Park,2,11,1,1
1208265,2025-02-15T17:30:00+00:00,2024,Selhurst Park,8,9,1,2
1208268,2025-02-16T14:00:00+00:00,2024,Anfield,14,24,2,1
1208271,2025-02-16T16:30:00+00:00,2024,Tottenham Hotspur Stadium,22,17,1,0
1208305,2025-02-19T19:30:00+00:00,2024,Villa Park,2,14,2,2
1208279,2025-02-21T20:00:00+00:00,2024,King Power Stadium,13,4,0,4
1208276,2025-02-22T12:30:00+00:00,2024,Goodison Park,9,17,2,2
1208273,2025-02-22T15:00:00+00:00,2024,Vitality Stadium,3,24,0,1
1208277,2025-02-22T15:00:00+00:00,2024,Craven Cottage,10,8,0,2
1208282,2025-02-22T15:00:00+00:00,2024,St. Mary's Stadium,21,5,0,4
1208274,2025-02-22T15:00:00+00:00,2024,Emirates Stadium,1,23,0,1
1208278,2025-02-22T15:00:00+00:00,2024,Portman Road,11,22,1,4
1208275,2025-02-22T17:30:00+00:00,2024,Villa Park,2,7,2,1
1208281,2025-02-23T14:00:00+00:00,2024,St. James' Park,18,19,4,3
1208280,2025-02-23T16:30:00+00:00,2024,Etihad Stadium,16,14,0,2
1208288,2025-02-25T19:30:00+00:00,2024,Molineux Stadium,24,10,1,2
1208284,2025-02-25T19:30:00+00:00,2024,American Express Stadium,5,3,2,1
1208289,2025-02-25T19:30:00+00:00,2024,Selhurst Park,8,2,4,1
1208290,2025-02-25T20:15:00+00:00,2024,Stamford Bridge,7,21,4,0
1208292,2025-02-26T19:30:00+00:00,2024,Old Trafford,17,11,3,2
1208286,2025-02-26T19:30:00+00:00,2024,Tottenham Hotspur Stadium,22,16,0,1
1208283,2025-02-26T19:30:00+00:00,2024,Gtech Community Stadium,4,9,1,1
1208285,2025-02-26T19:30:00+00:00,2024,The City Ground,19,1,0,0
1208291,2025-02-26T20:15:00+00:00,2024,Anfield,14,18,2,0
1208287,2025-02-27T20:00:00+00:00,2024,London Stadium,23,13,2,0
1208299,2025-03-08T12:30:00+00:00,2024,The City Ground,19,16,1,0
1208297,2025-03-08T15:00:00+00:00,2024,Anfield,14,21,3,1
1208294,2025-03-08T15:00:00+00:00,2024,American Express Stadium,5,10,2,1
1208296,2025-03-08T15:00:00+00:00,2024,Selhurst Park,8,11,1,0
1208293,2025-03-08T17:30:00+00:00,2024,Gtech Community Stadium,4,2,0,1
1208302,2025-03-08T20:00:00+00:00,2024,Molineux Stadium,24,9,1,1
1208300,2025-03-09T14:00:00+00:00,2024,Tottenham Hotspur Stadium,22,3,2,2
1208295,2025-03-09T14:00:00+00:00,2024,Stamford Bridge,7,13,1,0
1208298,2025-03-09T16:30:00+00:00,2024,Old Trafford,17,1,1,1
1208301,2025-03-10T20:00:00+00:00,2024,London Stadium,23,18,0,1
1208312,2025-03-15T15:00:00+00:00,2024,St. Mary's Stadium,21,24,1,2
1208306,2025-03-15T15:00:00+00:00,2024,Goodison Park,9,23,1,1
1208310,2025-03-15T15:00:00+00:00,2024,Etihad Stadium,16,5,2,2
1208308,2025-03-15T15:00:00+00:00,2024,Portman Road,11,19,2,4
1208303,2025-03-15T17:30:00+00:00,2024,Vitality Stadium,3,4,1,2
1208307,2025-03-16T13:30:00+00:00,2024,Craven Cottage,10,22,2,0
1208304,2025-03-16T13:30:00+00:00,2024,Emirates Stadium,1,7,1,0
1208309,2025-03-16T19:00:00+00:00,2024,King Power Stadium,13,17,0,3
1208317,2025-04-01T18:45:00+00:00,2024,Molineux Stadium,24,23,1,0
1208314,2025-04-01T18:45:00+00:00,2024,Emirates Stadium,1,10,2,1
1208316,2025-04-01T19:00:00+00:00,2024,The City Ground,19,17,1,0
1208320,2025-04-02T18:45:00+00:00,2024,St. James' Park,18,4,2,1
1208313,2025-04-02T18:45:00+00:00,2024,Vitality Stadium,3,11,1,2
1208321,2025-04-02T18:45:00+00:00,2024,St. Mary's Stadium,21,8,1,1
1208319,2025-04-02T18:45:00+00:00,2024,Etihad Stadium,16,13,2,0
1208315,2025-04-02T18:45:00+00:00,2024,American Express Stadium,5,2,0,3
1208322,2025-04-02T19:00:00+00:00,2024,Anfield,14,9,1,0
1208318,2025-04-03T19:00:00+00:00,2024,Stamford Bridge,7,22,1,0
1208326,2025-04-05T11:30:00+00:00,2024,Goodison Park,9,1,1,1
1208332,2025-04-05T14:00:00+00:00,2024,London Stadium,23,3,2,2
1208325,2025-04-05T14:00:00+00:00,2024,Selhurst Park,8,5,2,1
1208328,2025-04-05T14:00:00+00:00,2024,Portman Road,11,24,1,2
1208323,2025-04-05T16:30:00+00:00,2024,Villa Park,2,19,2,1
1208327,2025-04-06T13:00:00+00:00,2024,Craven Cottage,10,14,3,2
1208331,2025-04-06T13:00:00+00:00,2024,Tottenham Hotspur Stadium,22,21,3,1
1208324,2025-04-06T13:00:00+00:00,2024,Gtech Community Stadium,4,7,0,0
1208330,2025-04-06T15:30:00+00:00,2024,Old Trafford,17,16,0,0
1208329,2025-04-07T19:00:00+00:00,2024,King Power Stadium,13,18,0,3
1208338,2025-04-12T11:30:00+00:00,2024,Etihad Stadium,16,8,5,2
1208341,2025-04-12T14:00:00+00:00,2024,St. Mary's Stadium,21,2,0,3
1208335,2025-04-12T14:00:00+00:00,2024,American Express Stadium,5,13,2,2
1208340,2025-04-12T14:00:00+00:00,2024,The City Ground,19,9,0,1
1208334,2025-04-12T16:30:00+00:00,2024,Emirates Stadium,1,4,1,1
1208342,2025-04-13T13:00:00+00:00,2024,Molineux Stadium,24,22,4,2
1208337,2025-04-13T13:00:00+00:00,2024,Anfield,14,23,2,1
1208336,2025-04-13T13:00:00+00:00,2024,Stamford Bridge,7,11,2,2
1208339,2025-04-13T15:30:00+00:00,2024,St. James' Park,18,17,4,1
1208333,2025-04-14T19:00:00+00:00,2024,Vitality Stadium,3,10,1,0
1208311,2025-04-16T18:30:00+00:00,2024,St. James' Park,18,8,5,0
1208346,2025-04-19T14:00:00+00:00,2024,Goodison Park,9,16,0,2
1208352,2025-04-19T14:00:00+00:00,2024,London Stadium,23,21,1,1
1208345,2025-04-19T14:00:00+00:00,2024,Selhurst Park,8,3,0,0
1208344,2025-04-19T14:00:00+00:00,2024,Gtech Community Stadium,4,5,4,2
1208343,2025-04-19T16:30:00+00:00,2024,Villa Park,2,18,4,1
1208350,2025-04-20T13:00:00+00:00,2024,Old Trafford,17,24,0,1
1208347,2025-04-20T13:00:00+00:00,2024,Craven Cottage,10,7,1,2
1208348,2025-04-20T13:00:00+00:00,2024,Portman Road,11,1,0,4
1208349,2025-04-20T15:30:00+00:00,2024,King Power Stadium,13,14,0,1
1208351,2025-04-21T19:00:00+00:00,2024,Tottenham Hotspur Stadium,22,19,1,2
1208358,2025-04-22T19:00:00+00:00,2024,Etihad Stadium,16,2,2,1
1208354,2025-04-23T19:00:00+00:00,2024,Emirates Stadium,1,8,2,2
1208356,2025-04-26T11:30:00+00:00,2024,Stamford Bridge,7,9,1,0
1208359,2025-04-26T14:00:00+00:00,2024,St. James' Park,18,11,3,0
1208362,2025-04-26T14:00:00+00:00,2024,Molineux Stadium,24,13,3,0
1208361,2025-04-26T14:00:00+00:00,2024,St. Mary's Stadium,21,10,1,2
1208355,2025-04-26T14:00:00+00:00,2024,American Express Stadium,5,23,3,2
1208353,2025-04-27T13:00:00+00:00,2024,Vitality Stadium,3,17,1,1
1208357,2025-04-27T15:30:00+00:00,2024,Anfield,14,22,5,1
1208360,2025-05-01T18:30:00+00:00,2024,The City Ground,19,4,0,2
1208371,2025-05-02T19:00:00+00:00,2024,Etihad Stadium,16,24,1,0
1208364,2025-05-03T11:30:00+00:00,2024,Villa Park,2,10,1,0
1208369,2025-05-03T14:00:00+00:00,2024,Goodison Park,9,11,2,2
1208370,2025-05-03T14:00:00+00:00,2024,King Power Stadium,13,21,2,0
1208363,2025-05-03T16:30:00+00:00,2024,Emirates Stadium,1,3,1,2
1208372,2025-05-04T13:00:00+00:00,2024,London Stadium,23,22,1,1
1208366,2025-05-04T13:00:00+00:00,2024,American Express Stadium,5,18,1,1
1208365,2025-05-04T13:00:00+00:00,2024,Gtech Community Stadium,4,17,4,3
1208367,2025-05-04T15:30:00+00:00,2024,Stamford Bridge,7,14,3,1
1208368,2025-05-05T19:00:00+00:00,2024,Selhurst Park,8,19,1,1
1208374,2025-05-10T14:00:00+00:00,2024,Craven Cottage,10,9,1,3
1208382,2025-05-10T14:00:00+00:00,2024,Molineux Stadium,24,5,0,2
1208380,2025-05-10T14:00:00+00:00,2024,St. Mary's Stadium,21,16,0,0
1208375,2025-05-10T14:00:00+00:00,2024,Portman Road,11,4,0,1
1208373,2025-05-10T16:30:00+00:00,2024,Vitality Stadium,3,2,0,1
1208378,2025-05-11T11:00:00+00:00,2024,St. James' Park,18,7,2,0
1208377,2025-05-11T13:15:00+00:00,2024,Old Trafford,17,23,0,2
1208381,2025-05-11T13:15:00+00:00,2024,Tottenham Hotspur Stadium,22,8,0,2
1208379,2025-05-11T13:15:00+00:00,2024,The City Ground,19,13,2,2
1208376,2025-05-11T15:30:00+00:00,2024,Anfield,14,1,2,2
1208384,2025-05-16T18:30:00+00:00,2024,Villa Park,2,22,2,0
1208387,2025-05-16T19:15:00+00:00,2024,Stamford Bridge,7,17,1,0
1208389,2025-05-18T11:00:00+00:00,2024,Goodison Park,9,21,2,0
1208392,2025-05-18T13:15:00+00:00,2024,London Stadium,23,19,1,2
1208390,2025-05-18T14:00:00+00:00,2024,King Power Stadium,13,11,2,0
1208385,2025-05-18T14:00:00+00:00,2024,Gtech Community Stadium,4,10,2,3
1208383,2025-05-18T15:30:00+00:00,2024,Emirates Stadium,1,18,1,0
1208386,2025-05-19T19:00:00+00:00,2024,American Express Stadium,5,14,3,2
1208391,2025-05-20T19:00:00+00:00,2024,Etihad Stadium,16,3,3,1
1208388,2025-05-20T19:00:00+00:00,2024,Selhurst Park,8,24,4,2
1208397,2025-05-25T15:00:00+00:00,2024,Old Trafford,17,2,2,0
1208398,2025-05-25T15:00:00+00:00,2024,St. James' Park,18,9,0,1
1208393,2025-05-25T15:00:00+00:00,2024,Vitality Stadium,3,13,2,0
1208394,2025-05-25T15:00:00+00:00,2024,Craven Cottage,10,16,0,2
1208402,2025-05-25T15:00:00+00:00,2024,Molineux Stadium,24,4,1,1
1208396,2025-05-25T15:00:00+00:00,2024,Anfield,14,8,1,1
1208400,2025-05-25T15:00:00+00:00,2024,St. Mary's Stadium,21,1,1,2
1208401,2025-05-25T15:00:00+00:00,2024,Tottenham Hotspur Stadium,22,5,1,4
1208395,2025-05-25T15:00:00+00:00,2024,Portman Road,11,23,1,3
1208399,2025-05-25T15:00:00+00:00,2024,The City Ground,19,7,0,1
